EmployeeID,horas
1,9.071692111959287
2,9.188963104325705
3,9.486482188295174
4,9.16125954198473
5,9.578212468193387
6,9.259478371501272
7,9.027894402035622
8,9.509128498727735
9,9.019338422391856
10,9.100826972010177
11,9.409192111959285
12,9.421183206106868
13,8.96129134860051
14,9.175572519083968
15,9.41250000000001
16,9.26545801526718
17,8.911164122137402
18,9.629611959287521
19,9.057124681933846
20,9.040553435114504
21,9.055820610687025
22,9.079134860050885
23,9.073218829516538
24,9.4339058524173
25,8.9904262086514
26,9.435082697201015
27,9.328975826972002
28,9.224395674300256
29,9.514853689567433
30,8.992907124681937
31,9.306933842239186
32,9.4426844783715
33,9.148505089058528
34,9.47493638676845
35,9.412372773536898
36,9.001208651399494
37,9.459446564885495
38,8.995260814249365
39,8.862150127226458
40,9.367143765903304
41,9.580407124681933
42,9.229866412213745
43,9.460909669211198
44,9.337563613231547
45,9.511227735368953
46,9.40241730279898
47,9.148505089058535
48,9.26199109414758
49,8.89433842239186
50,8.910178117048343
51,9.452385496183206
52,9.24484732824428
53,9.321342239185743
54,9.22802162849873
55,9.532601781170484
56,9.266157760814252
57,9.589662849872777
58,8.878276081424938
59,9.499840966921118
60,9.329866412213736
61,9.516793893129767
62,9.337690839694654
63,9.042111959287537
64,9.4801844783715
65,9.269910941475827
66,9.672360050890584
67,9.073091603053436
68,8.886832061068707
69,8.928244274809158
70,9.623664122137406
71,9.465076335877868
72,9.502862595419844
73,9.22185114503817
74,9.049491094147582
75,9.071533078880408
76,9.306711195928754
77,9.469465648854964
78,9.049586513994914
79,8.97958015267176
80,9.341444020356237
81,9.058047073791352
82,9.508651399491098
83,9.21106870229008
84,9.494020356234094
85,9.272773536895672
86,9.497996183206109
87,9.06777989821883
88,9.288199745547075
89,9.352321882951655
90,9.32748091603053
91,9.26781170483462
92,9.11428117048346
93,8.920515267175574
94,9.039472010178123
95,9.077131043256994
96,9.624173027989825
97,9.533905852417297
98,9.49048982188295
99,9.330343511450375
100,9.549618320610692
101,9.029230279898218
102,9.29961832061068
103,9.185241730279891
104,9.098409669211197
105,8.944974554707379
106,9.042938931297707
107,9.040139949109411
108,8.916571246819343
109,9.089440203562349
110,8.979421119592875
111,9.121437659033083
112,9.607824427480917
113,8.978594147582696
114,9.572964376590335
115,9.209192111959284
116,9.144147582697201
117,9.04099872773537
118,9.372010178117044
119,8.906488549618317
120,9.16510814249364
121,9.183174300254457
122,9.201176844783717
123,8.994497455470734
124,9.020069974554708
125,9.36641221374046
126,9.01265903307888
127,9.196183206106866
128,9.371978371501271
129,9.365139949109418
130,8.991348600508907
131,9.170737913486008
132,9.551812977099237
133,9.190139949109415
134,9.28155216284987
135,8.879421119592871
136,9.159669211195931
137,9.068543256997453
138,8.858810432569978
139,9.30206743002545
140,9.062722646310439
141,9.077798982188295
142,9.122423664122131
143,9.558874045801527
144,9.374332061068708
145,9.570610687022896
146,9.396564885496186
147,9.235496183206106
148,9.229611959287539
149,9.501685750636126
150,9.261418575063612
151,9.19936386768448
152,9.092748091603056
153,8.982538167938927
154,9.068479643765901
155,9.283237913486007
156,9.26720737913486
157,9.249236641221373
158,8.878371501272266
159,9.269052162849874
160,8.991030534351145
161,8.856965648854963
162,9.14545165394402
163,9.482856234096687
164,9.262500000000003
165,9.183237913486003
166,9.354961832061061
167,9.010464376590333
168,9.475667938931306
169,9.376749363867686
170,9.04319338422392
171,8.999077608142501
172,9.436259541984736
173,9.117907124681937
174,9.406170483460555
175,9.163072519083963
176,9.153594147582695
177,9.21291348600509
178,9.137563613231553
179,9.518924936386766
180,9.388008905852418
181,9.473187022900763
182,8.939281170483458
183,9.281838422391859
184,9.218447837150133
185,9.525063613231554
186,9.125349872773537
187,9.026431297709923
188,9.133587786259545
189,9.002290076335877
190,9.127258269720102
191,9.533047073791353
192,9.43266539440204
193,9.50025445292621
194,9.220069974554704
195,8.837086513994912
196,9.553466921119592
197,8.932379134860057
198,9.407601781170479
199,9.122964376590337
200,9.399554707379133
201,9.329611959287535
202,9.005597964376596
203,8.946914758269722
204,8.925286259541986
205,9.263263358778618
206,9.089153944020355
207,9.384064885496183
208,8.892016539440199
209,9.344529262086516
210,9.407792620865138
211,9.526463104325703
212,9.416539440203563
213,9.464408396946576
214,9.388167938931304
215,9.237404580152665
216,9.367175572519091
217,9.02744910941476
218,9.437786259541982
219,9.090521628498724
220,9.539217557251906
221,8.888994910941474
222,9.613136132315514
223,9.063899491094146
224,9.032569974554706
225,9.358301526717554
226,9.322932569974547
227,9.134096692111955
228,9.321692111959285
229,9.523123409669209
230,9.430756997455473
231,9.19010814249364
232,9.553371501272261
233,9.435973282442749
234,9.49319338422392
235,9.244179389312977
236,8.897932569974548
237,9.107697201017809
238,9.319115776081427
239,8.951685750636132
240,9.043288804071242
241,8.86297709923664
242,9.218352417302802
243,9.475254452926203
244,9.25807888040712
245,9.157919847328246
246,9.33956743002545
247,8.890108142493634
248,9.551335877862602
249,9.298027989821882
250,9.1558524173028
251,9.24201653944021
252,9.488772264631042
253,8.898918575063616
254,9.247932569974559
255,8.994211195928758
256,9.274395674300253
257,9.65003180661578
258,9.043066157760814
259,9.122550890585238
260,9.42783078880407
261,9.470928753180669
262,8.933492366412223
263,8.986450381679386
264,9.124491094147583
265,8.963136132315528
266,9.625795165394406
267,9.087245547073781
268,9.40607506361323
269,9.10661577608143
270,9.152512722646309
271,9.605248091603057
272,9.122360050890585
273,9.04554707379136
274,8.995833333333335
275,9.047550890585239
276,9.471374045801525
277,9.009732824427484
278,8.882251908396949
279,9.263390585241726
280,9.25302162849873
281,9.077321882951656
282,8.866793893129769
283,8.958142493638679
284,9.300349872773532
285,8.96383587786259
286,9.418511450381681
287,8.968129770992364
288,9.07331424936387
289,9.494147582697204
290,9.341603053435119
291,9.195960559796431
292,9.497900763358773
293,9.016666666666664
294,9.36819338422392
295,9.075445292620865
296,9.142334605597966
297,9.524968193384218
298,8.950254452926211
299,8.853085241730275
300,9.019592875318073
301,8.8368320610687
302,9.257061068702289
303,9.284732824427481
304,9.008269720101787
305,9.30327608142494
306,9.060146310432572
307,9.149363867684482
308,9.081552162849873
309,9.08632315521628
310,9.551940203562339
311,9.320101781170484
312,9.062563613231552
313,9.434955470737908
314,9.06323155216285
315,9.37732188295165
316,8.956838422391858
317,9.333842239185753
318,9.561386768447841
319,9.341030534351146
320,9.501685750636135
321,9.454866412213743
322,9.026908396946565
323,9.527290076335879
324,8.896374045801524
325,9.47678117048346
326,8.933651399491092
327,9.467716284987274
328,9.265935114503815
329,9.381552162849871
330,9.269879134860052
331,9.23715012722646
332,9.678244274809158
333,9.430947837150134
334,9.462245547073785
335,9.304898218829516
336,8.894624681933848
337,9.07729007633588
338,9.07026081424936
339,9.251399491094144
340,9.067748091603056
341,8.993161577608141
342,8.912181933842238
343,9.042493638676845
344,9.050413486005093
345,9.597837150127223
346,9.076781170483448
347,9.529166666666667
348,9.4449427480916
349,9.141062340966924
350,9.026844783715012
351,8.914980916030537
352,9.003435114503814
353,9.159160305343507
354,9.300795165394405
355,9.507347328244272
356,9.4647582697201
357,9.01434478371501
358,9.553117048346056
359,9.02665394402036
360,9.360019083969465
361,9.272169211195926
362,9.415489821882954
363,9.003562340966925
364,9.165935114503817
365,9.153912213740455
366,8.96571246819338
367,9.578466921119594
368,9.274077608142484
369,9.459033078880402
370,9.14611959287531
371,9.410782442748094
372,8.870101781170485
373,9.048346055979644
374,9.421851145038161
375,8.978276081424935
376,9.478912213740458
377,9.475031806615775
378,8.961577608142493
379,9.01348600508906
380,8.92585877862596
381,9.294910941475836
382,9.432347328244283
383,8.995388040712474
384,9.155152671755726
385,9.220928753180665
386,9.304325699745545
387,9.397010178117045
388,9.458142493638675
389,9.103339694656478
390,9.222360050890588
391,9.184828244274806
392,9.54716921119593
393,9.1404262086514
394,9.586577608142496
395,9.21819338422391
396,8.90473918575064
397,9.58132951653944
398,9.171246819338418
399,9.616698473282442
400,9.283746819338425
401,9.31908396946565
402,8.875286259541985
403,9.528403307888045
404,9.430375318066153
405,9.160814249363867
406,9.557601781170481
407,9.53002544529262
408,9.2390903307888
409,9.437881679389319
410,9.027258269720102
411,9.224968193384223
412,9.336482188295163
413,9.326876590330789
414,9.599141221374051
415,8.895101781170482
416,9.276653944020344
417,9.341189567430023
418,9.467557251908397
419,9.320324427480918
420,9.060559796437655
421,9.365839694656492
422,9.543384223918574
423,9.340330788804058
424,9.527894402035622
425,9.459573791348605
426,9.103435114503819
427,8.8291348600509
428,9.385973282442748
429,9.090044529262084
430,9.292334605597961
431,9.415871501272267
432,9.434573791348601
433,9.007251908396944
434,9.569592875318072
435,9.207124681933843
436,9.231933842239185
437,9.558174300254452
438,8.831202290076329
439,9.243288804071248
440,8.932569974554704
441,9.27776717557252
442,9.320896946564881
443,8.98486005089059
444,9.473441475826974
445,8.925890585241731
446,8.936641221374048
447,9.296723918575063
448,8.987499999999994
449,9.268034351145035
450,9.20550254452926
451,9.469656488549619
452,9.303880407124677
453,9.079039440203562
454,9.253180661577613
455,9.56342239185751
456,9.389185750636141
457,8.987690839694665
458,9.443638676844785
459,9.013167938931302
460,9.114790076335881
461,9.462786259541987
462,9.456870229007631
463,9.172360050890585
464,9.478594147582701
465,9.544243002544532
466,9.46243638676845
467,9.50798346055979
468,9.074745547073789
469,9.465139949109416
470,9.152830788804078
471,8.970483460559793
472,9.389758269720101
473,9.068638676844783
474,9.42722646310433
475,8.944052162849864
476,8.97837150127227
477,8.904325699745547
478,9.495769720101775
479,9.021755725190838
480,9.324809160305346
481,9.256774809160301
482,9.49716921119593
483,9.285623409669212
484,8.925445292620868
485,9.219115776081422
486,9.574332061068706
487,9.125254452926209
488,9.212277353689563
489,8.886927480916029
490,8.908365139949115
491,9.097455470737916
492,9.219370229007627
493,9.544751908396954
494,8.902926208651397
495,9.421596692111967
496,9.395229007633588
497,9.20015903307888
498,9.50423027989822
499,9.299681933842242
500,9.458810432569976
501,9.431011450381677
502,9.533078880407126
503,9.46889312977099
504,9.122296437659031
505,9.01924300254453
506,9.556520356234094
507,9.41351781170484
508,9.308174300254455
509,9.148282442748092
510,8.98330152671756
511,8.85995547073792
512,9.586386768447843
513,9.153975826972006
514,9.258237913486008
515,9.080884223918561
516,9.065935114503818
517,8.87137404580152
518,9.410750636132313
519,9.495483460559795
520,8.921628498727733
521,9.369115776081424
522,9.489980916030532
523,9.112022900763362
524,9.04901399491094
525,9.495006361323158
526,9.260209923664119
527,8.984637404580154
528,9.281361323155222
529,9.517652671755727
530,8.99669211195929
531,9.485814249363862
532,9.41634860050891
533,9.096215012722642
534,9.105916030534354
535,8.9448155216285
536,9.60594783715013
537,9.13097964376591
538,9.581138676844787
539,9.373600508905849
540,9.10152671755725
541,9.112372773536896
542,9.518479643765904
543,9.20626590330789
544,9.617302798982188
545,9.502735368956747
546,8.942557251908397
547,8.930693384223924
548,9.102830788804074
549,9.426717557251898
550,9.65951017811705
551,9.008110687022903
552,9.296501272264624
553,9.335718829516539
554,9.043734096692113
555,9.546755725190845
556,9.113581424936383
557,9.500699745547067
558,9.232888040712467
559,9.124777353689566
560,9.004262086513997
561,8.912340966921121
562,8.8972010178117
563,8.962722646310434
564,8.987277353689572
565,8.986132315521624
566,9.05324427480916
567,9.590585241730283
568,9.553371501272263
569,8.854039440203561
570,9.18810432569975
571,9.121978371501273
572,9.10368956743002
573,9.256393129770998
574,9.047264631043252
575,9.554516539440211
576,9.094147582697202
577,8.95597964376591
578,9.451494910941475
579,9.342907124681927
580,9.146755725190841
581,9.009096692111957
582,9.042589058524175
583,8.877099236641213
584,8.91536259541985
585,9.317143765903307
586,9.490744274809156
587,9.403657760814252
588,9.40782442748092
589,9.270388040712469
590,9.566507633587786
591,9.396660305343513
592,9.460909669211196
593,8.895419847328245
594,8.81148218829517
595,9.309096692111957
596,9.361386768447831
597,9.524332061068705
598,9.510559796437667
599,9.145769720101782
600,9.048377862595416
601,9.500986005089057
602,9.24010814249364
603,9.253244274809159
604,9.276176844783718
605,9.057315521628505
606,9.286513994910942
607,9.371374045801529
608,9.15645674300254
609,8.830470737913485
610,9.317048346055977
611,8.854293893129777
612,9.248346055979642
613,9.21867048346056
614,8.866507633587789
615,8.819211195928752
616,8.967843511450388
617,9.421978371501273
618,9.250508905852406
619,9.31202290076336
620,8.969720101781173
621,9.409764631043254
622,9.346564885496187
623,9.205947837150122
624,9.132601781170484
625,9.311291348600506
626,9.161832061068708
627,9.019592875318065
628,9.535114503816791
629,9.306806615776082
630,9.52958015267176
631,9.543924936386764
632,9.09357506361323
633,9.347391857506363
634,9.149395674300255
635,9.223886768447832
636,8.981106870229011
637,9.553784987277359
638,9.367907124681931
639,9.239503816793892
640,9.402417302798984
641,9.289535623409666
642,8.93428753180662
643,9.509891857506357
644,9.460241730279897
645,8.97875318066158
646,9.566348600508903
647,9.397837150127224
648,9.314885496183207
649,9.31297709923665
650,9.113326972010181
651,9.163581424936394
652,9.13326972010178
653,8.857347328244272
654,9.545992366412209
655,9.602671755725193
656,9.013613231552167
657,9.365712468193385
658,9.429357506361326
659,9.327417302798985
660,9.42891221374046
661,9.621564885496184
662,9.139503816793889
663,9.386991094147588
664,8.957569974554701
665,9.21590330788804
666,9.206965648854958
667,9.597773536895671
668,9.152989821882946
669,9.01459923664122
670,9.645483460559792
671,9.273664122137404
672,9.047041984732823
673,8.972805343511446
674,9.535019083969472
675,9.143988549618324
676,9.072741730279896
677,9.052131043257004
678,8.876081424936388
679,9.414090330788802
680,9.49220737913486
681,8.893384223918579
682,9.293702290076338
683,9.437150127226465
684,9.245769720101778
685,9.351431297709913
686,9.245483460559797
687,9.272328244274815
688,9.11822519083969
689,9.34513358778626
690,9.305248091603053
691,9.563167938931297
692,9.507283715012722
693,9.013486005089055
694,9.0742048346056
695,9.180057251908393
696,8.976844783715007
697,9.32948473282443
698,8.924204834605597
699,9.065171755725185
700,9.378784987277358
701,9.342430025445292
702,9.527608142493635
703,9.139058524173032
704,9.134828244274802
705,9.305629770992363
706,9.26959287531807
707,8.951367684478374
708,8.847964376590332
709,8.963676844783715
710,8.915617048346055
711,9.143924936386767
712,9.441030534351144
713,9.329993638676845
714,8.867907124681935
715,9.545515267175565
716,8.978975826972002
717,9.270133587786255
718,9.482442748091605
719,9.19834605597965
720,9.141030534351145
721,9.219688295165403
722,9.121183206106867
723,9.29246183206107
724,9.396723918575061
725,8.846819338422392
726,9.082824427480917
727,9.139058524173024
728,9.311513994910946
729,9.619243002544529
730,8.954262086513996
731,9.308555979643774
732,9.282315521628497
733,9.389312977099236
734,9.0486641221374
735,9.325826972010173
736,9.37525445292621
737,9.246596692111954
738,9.277226463104329
739,9.04290712468193
740,9.39532442748092
741,8.786386768447837
742,9.25454834605598
743,9.191444020356238
744,9.001272264631039
745,8.978816793893126
746,8.85362595419848
747,8.945260814249368
748,9.421564885496188
749,9.31685750636132
750,8.952258269720096
751,8.998346055979642
752,9.644083969465651
753,9.102321882951653
754,9.15562977099237
755,9.3662213740458
756,9.593193384223916
757,9.238867684478375
758,8.928371501272267
759,9.141857506361323
760,9.509382951653949
761,9.284287531806623
762,9.57814885496183
763,9.29402035623409
764,9.228371501272264
765,9.096151399491099
766,9.131615776081421
767,9.410114503816787
768,9.257983460559805
769,9.21917938931297
770,8.872837150127229
771,9.484382951653949
772,9.008110687022901
773,9.420133587786262
774,9.297455470737917
775,9.503403307888039
776,8.958428753180659
777,9.190076335877867
778,8.842080152671759
779,9.515489821882953
780,9.142111959287533
781,9.189217557251906
782,9.160623409669212
783,9.450159033078878
784,9.110973282442751
785,8.96469465648855
786,9.171024173027991
787,9.440076335877865
788,9.376622137404572
789,9.52356870229008
790,9.276749363867681
791,9.218288804071248
792,9.357410941475829
793,8.877417302798978
794,9.116253180661579
795,8.969370229007636
796,8.993225190839697
797,9.228975826972011
798,8.942938931297716
799,9.51507633587786
800,9.510877862595418
801,9.448377862595414
802,8.888804071246826
803,9.091189567430028
804,9.342270992366407
805,9.473441475826975
806,9.519465648854961
807,9.45547073791348
808,9.18756361323155
809,9.524459287531803
810,9.383015267175569
811,9.55082697201018
812,9.391825699745542
813,8.866475826972012
814,9.132856234096696
815,9.532824427480914
816,8.984669211195937
817,9.041666666666671
818,9.308746819338424
819,8.900508905852416
820,9.429675572519086
821,8.975413486005078
822,8.892875318066164
823,9.383237913486004
824,8.948854961832058
825,9.117652671755726
826,8.979262086513998
827,9.137849872773533
828,8.97382315521628
829,9.218829516539431
830,9.078021628498728
831,9.38470101781171
832,9.03027989821883
833,9.329071246819339
834,9.102830788804074
835,9.358142493638681
836,9.535082697201021
837,9.50136768447838
838,9.454802798982184
839,9.533396946564885
840,9.43982188295165
841,9.47305979643766
842,9.254707379134862
843,9.02331424936387
844,9.436227735368949
845,9.52611323155216
846,9.278530534351146
847,9.425349872773543
848,9.143479643765904
849,8.974840966921125
850,9.36666666666667
851,9.552735368956746
852,9.13040712468194
853,9.051494910941468
854,9.51711195928753
855,9.525286259541977
856,9.136482188295158
857,9.05842875318065
858,9.333365139949109
859,9.158142493638673
860,8.897773536895672
861,9.337659033078877
862,9.236227735368956
863,9.037913486005086
864,9.047678117048344
865,9.265776081424944
866,8.929389312977108
867,9.541634860050891
868,9.290998727735365
869,9.374459287531806
870,9.376240458015264
871,9.186609414758278
872,9.469402035623405
873,9.528562340966916
874,9.103307888040712
875,9.16135496183206
876,8.91749363867685
877,9.094561068702296
878,9.390171755725193
879,9.296692111959283
880,9.2420165394402
881,9.511609414758261
882,9.041062340966914
883,9.488931297709927
884,9.094751908396944
885,9.63012086513995
886,9.09048982188296
887,9.064440203562345
888,9.585782442748092
889,9.35458015267176
890,9.338931297709925
891,8.972010178117051
892,9.498664122137404
893,9.189217557251906
894,9.381265903307892
895,9.183142493638679
896,9.431838422391857
897,9.469179389312977
898,8.838326972010176
899,9.007729007633582
900,8.94535623409669
901,9.333142493638684
902,9.070356234096693
903,9.4617048346056
904,9.11377226463104
905,9.36520356234096
906,9.036577608142489
907,9.379071246819338
908,9.092779898218836
909,8.882029262086515
910,9.215998727735364
911,9.347169211195936
912,9.01005089058524
913,9.493511450381686
914,9.557919847328245
915,9.195292620865137
916,9.109860050890582
917,9.074045801526717
918,9.097550890585232
919,9.358492366412218
920,9.387340966921116
921,9.12156488549618
922,9.124363867684476
923,8.92277353689567
924,9.469592875318066
925,9.388835877862592
926,9.32961195928754
927,8.99020356234097
928,9.476717557251913
929,9.000986005089066
930,9.432569974554708
931,9.51075063613231
932,8.887404580152669
933,8.89545165394402
934,9.501749363867678
935,9.169020356234094
936,9.437309160305348
937,9.162531806615776
938,9.286673027989824
939,9.41765267175573
940,9.425731552162846
941,9.217302798982193
942,8.895801526717563
943,9.10566157760814
944,9.365012722646307
945,9.341412213740458
946,9.135178117048344
947,9.264631043257
948,9.429452926208649
949,9.556774809160302
950,9.598600508905857
951,9.037436386768455
952,9.121310432569974
953,9.029516539440195
954,9.48428753180662
955,9.033810432569972
956,9.568256997455466
957,9.360496183206106
958,9.083905852417304
959,9.40003180661578
960,9.358206106870227
961,9.042016539440201
962,9.018765903307882
963,9.056520356234099
964,9.262150127226462
965,9.238295165394398
966,9.278307888040711
967,9.582029262086511
968,8.867366412213741
969,8.825604325699752
970,8.905534351145041
971,9.036386768447842
972,9.277353689567429
973,9.051590330788809
974,9.502449109414757
975,8.83578244274809
976,8.934637404580153
977,9.213008905852416
978,9.046469465648851
979,9.365871501272263
980,9.46234096692112
981,9.16886132315521
982,9.317938931297707
983,9.64010814249364
984,9.555184478371505
985,9.482538167938927
986,9.405311704834604
987,9.255025445292619
988,9.205216284987271
989,8.978912213740456
990,8.992843511450383
991,8.9690203562341
992,8.944370229007635
993,9.3925572519084
994,9.010750636132316
995,9.26564885496183
996,8.924395674300253
997,9.589599236641217
998,8.90601145038168
999,9.5623727735369
1000,9.41711195928753
1001,8.806838422391865
1002,9.350604325699749
1003,8.901113231552163
1004,9.185082697201015
1005,9.36615776081425
1006,9.131997455470744
1007,9.041984732824435
1008,9.046183206106866
1009,9.317175572519083
1010,9.346596692111964
1011,9.069243002544528
1012,9.153276081424936
1013,9.556774809160299
1014,9.174681933842239
1015,9.247201017811703
1016,9.501176844783723
1017,9.052131043256994
1018,9.270356234096695
1019,9.444306615776085
1020,9.570769720101781
1021,9.361418575063624
1022,8.978244274809166
1023,8.880311704834611
1024,8.94751908396946
1025,9.571342239185755
1026,8.95636132315521
1027,9.352194656488544
1028,9.505502544529264
1029,9.01211832061068
1030,9.040744274809166
1031,9.253435114503821
1032,9.537309160305346
1033,8.977099236641221
1034,9.478339694656484
1035,9.342748091603049
1036,8.825636132315525
1037,9.187468193384221
1038,9.539662849872776
1039,9.425349872773538
1040,8.992525445292621
1041,9.550826972010178
1042,9.098823155216284
1043,9.050318066157763
1044,9.47216921119593
1045,8.91138676844784
1046,9.199395674300257
1047,9.235496183206104
1048,8.93638676844783
1049,9.160082697201014
1050,8.975159033078882
1051,9.292270992366412
1052,9.328307888040706
1053,9.383842239185748
1054,9.156965648854959
1055,9.18826335877863
1056,9.482347328244277
1057,9.073282442748088
1058,9.166444020356238
1059,8.957220101781166
1060,9.432601781170487
1061,9.234096692111962
1062,9.004484732824434
1063,9.236991094147578
1064,8.829548346055978
1065,9.313835877862603
1066,9.113390585241731
1067,9.054134860050883
1068,9.409796437659036
1069,9.251399491094146
1070,9.284382951653942
1071,8.958810432569967
1072,9.15881043256997
1073,9.466603053435117
1074,9.262595419847331
1075,9.169942748091607
1076,9.01882951653944
1077,9.267270992366411
1078,9.36447201017812
1079,9.243543256997457
1080,8.859128498727735
1081,8.893924936386766
1082,9.497646310432573
1083,9.06284987277354
1084,9.202258269720105
1085,9.04300254452926
1086,9.191316793893138
1087,9.10543893129771
1088,9.484414758269716
1089,9.442907124681932
1090,8.903880407124682
1091,9.531583969465652
1092,9.279548346055977
1093,9.047868956743008
1094,9.492493638676846
1095,9.446978371501269
1096,9.174777353689569
1097,9.02468193384224
1098,8.899300254452926
1099,8.966539440203555
1100,9.07032442748092
1101,9.038581424936384
1102,9.333905852417304
1103,9.236959287531803
1104,8.88705470737913
1105,9.282156488549623
1106,8.972614503816791
1107,9.242270992366416
1108,8.985687022900764
1109,8.971215012722654
1110,8.917620865139943
1111,9.50772900763358
1112,9.55480279898219
1113,9.083587786259548
1114,9.015680661577612
1115,9.009923664122137
1116,9.578148854961832
1117,9.618893129770987
1118,9.149077608142488
1119,9.165235368956743
1120,9.190776081424938
1121,9.524427480916035
1122,9.445133587786266
1123,9.475763358778623
1124,9.040012722646317
1125,9.647296437659032
1126,9.441698473282441
1127,9.135019083969459
1128,9.257029262086515
1129,9.452958015267178
1130,9.379007633587777
1131,9.546628498727731
1132,9.285687022900772
1133,8.839408396946569
1134,9.492843511450376
1135,8.971819338422387
1136,9.500445292620864
1137,9.465235368956739
1138,9.07232824427481
1139,9.586323155216286
1140,8.977067430025441
1141,9.381583969465648
1142,9.545928753180661
1143,9.016952926208656
1144,9.197773536895681
1145,9.450063613231547
1146,8.942302798982189
1147,8.95238549618321
1148,9.288676844783712
1149,9.609637404580154
1150,9.427703562340977
1151,9.252576335877864
1152,9.432061068702293
1153,9.343861323155219
1154,8.867716284987281
1155,8.81908396946565
1156,9.103180661577614
1157,9.052321882951656
1158,9.08222010178116
1159,9.166825699745544
1160,8.984478371501272
1161,9.437086513994918
1162,9.57070610687023
1163,9.148282442748089
1164,9.47932569974555
1165,9.254611959287528
1166,8.90951017811705
1167,9.402735368956739
1168,9.414631043257003
1169,9.53412849872773
1170,8.919370229007633
1171,9.262468193384223
1172,9.109637404580154
1173,9.008937659033077
1174,9.198027989821881
1175,9.435400763358782
1176,9.487690839694656
1177,9.568829516539441
1178,9.03078880407125
1179,9.358937659033073
1180,9.569720101781172
1181,8.92582697201018
1182,9.452226463104328
1183,9.242461832061064
1184,9.031456743002542
1185,9.652226463104324
1186,9.536641221374047
1187,9.019274809160306
1188,9.207601781170482
1189,9.016698473282448
1190,8.954643765903313
1191,9.379707379134853
1192,9.157506361323156
1193,9.159669211195927
1194,9.41192748091604
1195,9.127226463104321
1196,9.144433842239177
1197,8.966412213740462
1198,9.205597964376588
1199,9.116157760814257
1200,9.204484732824428
1201,9.269083969465644
1202,9.41956106870229
1203,9.458269720101775
1204,9.492239185750629
1205,9.171882951653942
1206,9.224586513994911
1207,9.322328244274809
1208,9.396978371501271
1209,9.203689567430029
1210,8.951463104325702
1211,9.223155216284988
1212,8.95400763358779
1213,9.072519083969464
1214,9.21110050890585
1215,9.610305343511449
1216,9.275477099236644
1217,9.228721374045803
1218,9.121882951653944
1219,9.092811704834602
1220,9.4163486005089
1221,9.46886132315522
1222,9.44503816793893
1223,9.18422391857507
1224,9.173759541984733
1225,8.883333333333336
1226,8.885655216284992
1227,9.171310432569975
1228,9.031520356234099
1229,9.139662849872767
1230,9.190362595419833
1231,9.268256997455463
1232,9.380661577608143
1233,9.507379134860056
1234,8.966253180661573
1235,9.329961832061072
1236,8.96370865139949
1237,9.05715648854962
1238,8.909160305343512
1239,9.010750636132308
1240,9.438708651399494
1241,9.445038167938936
1242,8.983142493638672
1243,9.447837150127233
1244,9.435400763358782
1245,9.483715012722648
1246,9.072741730279905
1247,9.517589058524171
1248,9.153085241730283
1249,9.499077608142496
1250,9.4595737913486
1251,8.97891221374046
1252,9.305407124681938
1253,9.364472010178117
1254,8.924204834605597
1255,9.513804071246822
1256,9.311418575063607
1257,8.951176844783712
1258,8.965617048346056
1259,9.164344783715013
1260,9.021405852417304
1261,9.544751908396956
1262,8.9815203562341
1263,9.067907124681938
1264,9.209160305343506
1265,9.292016539440207
1266,9.251622137404576
1267,9.403053435114511
1268,9.570069974554709
1269,9.063708651399487
1270,9.088708651399488
1271,9.367334605597962
1272,9.130566157760816
1273,8.957220101781171
1274,9.132601781170484
1275,9.163645038167935
1276,9.186482188295164
1277,9.539853689567432
1278,9.480566157760817
1279,8.87808524173028
1280,9.364535623409674
1281,9.41097328244275
1282,9.515489821882948
1283,8.995578880407123
1284,9.249459287531808
1285,8.940871501272264
1286,9.394497455470734
1287,8.980216284987282
1288,9.4343193384224
1289,9.231743002544528
1290,9.248027989821878
1291,9.590458015267174
1292,9.300699745547075
1293,9.122296437659042
1294,9.024840966921118
1295,9.294179389312974
1296,8.933492366412212
1297,9.467175572519086
1298,9.401463104325703
1299,8.94554707379134
1300,9.290744274809159
1301,9.458333333333321
1302,9.44357506361323
1303,8.98117048346056
1304,9.241857506361317
1305,9.217684478371497
1306,9.262849872773542
1307,9.44357506361323
1308,9.423854961832056
1309,9.182760814249368
1310,9.464408396946567
1311,9.028148854961835
1312,9.478371501272266
1313,9.649141221374045
1314,9.1648854961832
1315,9.626717557251908
1316,9.2537213740458
1317,9.04166666666667
1318,9.126653944020365
1319,9.09691475826972
1320,9.406583969465647
1321,9.443225190839692
1322,9.440871501272273
1323,9.351463104325706
1324,9.299904580152669
1325,8.972232824427483
1326,9.278307888040706
1327,9.251335877862596
1328,9.051399491094147
1329,9.310019083969465
1330,9.308078880407123
1331,9.326367684478365
1332,9.176972010178115
1333,9.045674300254456
1334,9.45725190839695
1335,9.050286259541982
1336,9.356424936386764
1337,9.084541984732823
1338,9.212690839694657
1339,9.111513994910938
1340,9.314567430025443
1341,9.227830788804074
1342,9.329484732824428
1343,9.091157760814246
1344,9.328594147582688
1345,9.589090330788812
1346,8.955152671755735
1347,9.3204834605598
1348,9.23291984732825
1349,9.392907124681937
1350,9.602926208651398
1351,9.216030534351141
1352,9.033365139949106
1353,9.49208015267176
1354,9.001844783715013
1355,9.57006997455471
1356,9.216634860050894
1357,9.431679389312986
1358,8.928848600508914
1359,8.901844783715012
1360,9.45353053435114
1361,9.161291348600503
1362,9.437372773536902
1363,8.925190839694663
1364,9.056488549618322
1365,9.077226463104319
1366,8.988517811704835
1367,9.196024173027986
1368,9.233047073791356
1369,9.617175572519088
1370,9.62334605597965
1371,8.936609414758271
1372,9.079166666666666
1373,9.507092875318058
1374,9.302258269720104
1375,9.004293893129766
1376,9.584669211195932
1377,9.484414758269716
1378,9.095101781170486
1379,8.987340966921115
1380,9.056965648854954
1381,9.197964376590331
1382,9.050858778625958
1383,9.099904580152673
1384,8.973282442748097
1385,9.080407124681928
1386,9.208683206106873
1387,9.109764631043259
1388,9.532601781170479
1389,9.011450381679387
1390,9.034255725190842
1391,9.186673027989823
1392,9.320133587786259
1393,9.243256997455465
1394,9.394688295165396
1395,9.575954198473276
1396,8.97188295165394
1397,9.264026717557247
1398,9.590362595419847
1399,9.239122137404584
1400,9.200222646310431
1401,8.838549618320608
1402,9.063231552162847
1403,8.892430025445288
1404,9.19452926208651
1405,9.346374045801529
1406,9.270197201017808
1407,8.898059796437662
1408,9.294370229007631
1409,8.961482188295166
1410,8.925445292620871
1411,8.814599236641222
1412,9.342207379134862
1413,9.014344783715005
1414,9.624586513994903
1415,9.076176844783712
1416,9.273218829516537
1417,9.191984732824434
1418,9.455025445292625
1419,9.359955470737917
1420,9.005661577608143
1421,8.849777353689568
1422,8.930629770992372
1423,9.26129134860051
1424,9.275254452926209
1425,8.879039440203561
1426,9.252290076335877
1427,9.00327608142494
1428,9.070674300254455
1429,9.041380407124686
1430,9.375636132315524
1431,8.950986005089062
1432,9.010559796437663
1433,9.593893129770994
1434,9.47248727735369
1435,9.370992366412212
1436,9.114949109414761
1437,9.4876272264631
1438,9.381774809160301
1439,9.468129770992368
1440,9.284637404580144
1441,9.481329516539434
1442,9.349904580152678
1443,9.349681933842238
1444,9.164344783715014
1445,9.022073791348598
1446,9.084478371501271
1447,9.0315203562341
1448,9.031679389312975
1449,9.364503816793896
1450,9.190012722646308
1451,9.594115776081432
1452,9.393988549618323
1453,9.289185750636138
1454,9.398632315521628
1455,9.499332061068708
1456,9.40480279898219
1457,9.179611959287534
1458,9.211991094147576
1459,8.908555979643767
1460,9.18037531806616
1461,9.15553435114504
1462,8.928848600508907
1463,9.032283715012719
1464,9.09885496183206
1465,9.337118320610685
1466,9.453912213740459
1467,9.213963104325696
1468,9.50038167938931
1469,9.593988549618317
1470,8.935687022900764
1471,9.111704834605591
1472,9.020451653944018
1473,9.388136132315518
1474,8.999077608142494
1475,8.929484732824427
1476,9.121978371501276
1477,8.890585241730284
1478,9.259382951653947
1479,8.896469465648856
1480,9.10171755725191
1481,8.968066157760816
1482,9.097519083969468
1483,9.389567430025444
1484,9.482888040712458
1485,8.975190839694662
1486,9.505979643765897
1487,9.202830788804071
1488,9.265744274809162
1489,9.031902035623405
1490,9.440648854961834
1491,9.427639949109425
1492,9.354389312977105
1493,9.27461832061069
1494,8.951653944020356
1495,9.38909033078881
1496,9.089440203562337
1497,9.246310432569974
1498,9.088867684478368
1499,9.00690203562341
1500,9.452067430025442
1501,9.121405852417308
1502,9.528180661577611
1503,9.513040712468197
1504,8.944688295165392
1505,9.182156488549612
1506,9.679707379134857
1507,9.499554707379138
1508,9.279707379134855
1509,9.079198473282439
1510,9.05922391857506
1511,9.07875318066157
1512,8.99634223918575
1513,9.002194656488546
1514,9.278880407124682
1515,9.496310432569976
1516,9.099268447837154
1517,9.089821882951655
1518,9.00722010178117
1519,8.94367048346056
1520,8.890267175572514
1521,9.2787213740458
1522,9.585337150127224
1523,8.934478371501267
1524,9.45900127226464
1525,9.416412213740449
1526,9.14554707379135
1527,9.364185750636134
1528,9.506583969465645
1529,9.484192111959288
1530,9.446469465648853
1531,9.588422391857502
1532,8.982633587786266
1533,9.531743002544536
1534,9.137754452926202
1535,8.939631043256998
1536,8.990012722646311
1537,9.1618320610687
1538,9.085687022900764
1539,9.169783715012716
1540,9.174300254452922
1541,9.064917302798987
1542,9.600222646310431
1543,8.971278625954195
1544,9.119083969465654
1545,8.825477099236643
1546,9.375127226463103
1547,9.499872773536895
1548,9.257220101781169
1549,9.606997455470742
1550,9.211323155216284
1551,9.17760814249363
1552,8.823568702290073
1553,9.362754452926207
1554,9.568606870229004
1555,8.932729007633593
1556,9.03893129770992
1557,8.968097964376586
1558,9.426558524173018
1559,9.614567430025447
1560,9.292620865139956
1561,8.987309160305333
1562,9.275795165394403
1563,9.005343511450386
1564,9.484478371501268
1565,9.12309160305343
1566,9.2513358778626
1567,9.285814249363868
1568,9.15919211195929
1569,9.428753180661577
1570,9.465521628498731
1571,9.422455470737912
1572,9.093066157760811
1573,9.347900763358782
1574,9.267430025445297
1575,9.286991094147584
1576,9.44891857506361
1577,9.3888358778626
1578,9.514853689567435
1579,9.053625954198475
1580,9.556265903307885
1581,9.038708651399489
1582,9.00477099236641
1583,9.431870229007638
1584,9.413358778625957
1585,9.416380407124684
1586,8.845451653944023
1587,9.192016539440202
1588,8.974109414758269
1589,9.338708651399495
1590,8.8506679389313
1591,9.192175572519078
1592,8.959192111959288
1593,9.218479643765896
1594,8.963549618320606
1595,8.890330788804068
1596,9.022709923664133
1597,8.924109414758272
1598,9.250795165394399
1599,9.33676844783715
1600,9.268066157760817
1601,9.082919847328244
1602,9.474777353689563
1603,8.899491094147582
1604,9.098441475826979
1605,9.303689567430034
1606,9.552035623409662
1607,9.528148854961838
1608,9.419370229007633
1609,9.023059796437654
1610,9.254389312977095
1611,9.128180661577616
1612,8.91208651399492
1613,9.119847328244271
1614,9.090839694656486
1615,8.950445292620866
1616,9.048886768447831
1617,9.393638676844775
1618,9.092493638676848
1619,9.04144402035624
1620,9.126908396946565
1621,9.50489821882952
1622,9.548791348600506
1623,9.345801526717564
1624,9.277099236641222
1625,9.066793893129768
1626,9.278180661577606
1627,9.564821882951644
1628,9.443606870229006
1629,9.199141221374044
1630,9.285050890585241
1631,8.92611323155216
1632,9.103276081424937
1633,9.13597328244275
1634,9.57735368956743
1635,9.336959287531805
1636,9.338963104325689
1637,9.331170483460562
1638,9.137436386768446
1639,8.809351145038168
1640,8.860496183206102
1641,9.033142493638676
1642,9.315394402035622
1643,9.069720101781174
1644,9.440044529262085
1645,9.404548346055968
1646,9.568988549618314
1647,9.497805343511445
1648,9.378657760814257
1649,9.262150127226464
1650,9.354103053435116
1651,9.268829516539437
1652,9.458365139949105
1653,9.45846055979643
1654,9.609255725190847
1655,9.041253180661576
1656,9.190521628498722
1657,9.102226463104325
1658,9.456997455470738
1659,8.984701017811707
1660,8.981615776081425
1661,9.099300254452928
1662,9.376176844783712
1663,9.534446564885496
1664,9.200795165394405
1665,8.903276081424934
1666,9.506488549618318
1667,9.06221374045802
1668,9.313899491094146
1669,8.92923027989822
1670,9.57366412213741
1671,9.351145038167948
1672,9.096119592875322
1673,9.178148854961833
1674,9.47722646310433
1675,8.876526717557248
1676,9.531679389312984
1677,9.457379134860052
1678,9.08403307888041
1679,8.850699745547074
1680,8.98393765903308
1681,9.509796437659027
1682,9.185209923664118
1683,9.07019720101782
1684,8.907283715012717
1685,8.976208651399496
1686,9.529898218829521
1687,9.183078880407125
1688,8.923218829516543
1689,9.420483460559797
1690,9.487245547073785
1691,9.484319338422388
1692,9.11189567430025
1693,9.046374045801526
1694,9.17547709923665
1695,8.850763358778627
1696,9.610527989821884
1697,9.324395674300263
1698,9.023218829516543
1699,9.489440203562333
1700,9.38826335877862
1701,9.357983460559804
1702,9.290776081424935
1703,9.078021628498732
1704,9.171723918575058
1705,9.125826972010183
1706,9.602226463104326
1707,8.969179389312973
1708,9.411736641221372
1709,9.015712468193378
1710,9.294815521628504
1711,9.28228371501273
1712,9.024109414758264
1713,9.591157760814244
1714,8.950254452926206
1715,9.375222646310432
1716,8.895006361323158
1717,9.357665394402035
1718,9.029961832061066
1719,9.004325699745545
1720,8.871278625954197
1721,9.127035623409668
1722,9.368575063613223
1723,9.06618956743002
1724,9.410146310432573
1725,8.949395674300249
1726,9.376749363867681
1727,9.268734096692116
1728,9.47716284987277
1729,9.41145038167939
1730,9.496087786259542
1731,9.504675572519083
1732,9.332601781170482
1733,9.33374681933842
1734,9.183110687022898
1735,9.315235368956744
1736,9.108587786259543
1737,9.341348600508901
1738,9.467748091603049
1739,9.419211195928755
1740,9.451240458015263
1741,9.013740458015263
1742,8.986164122137412
1743,9.306488549618319
1744,9.591634860050892
1745,9.013963104325706
1746,9.27544529262086
1747,9.137213740458018
1748,9.49589694656489
1749,8.974618320610684
1750,9.278816793893123
1751,9.348377862595424
1752,8.862022900763362
1753,9.406902035623416
1754,9.230979643765902
1755,8.944751908396945
1756,9.3066475826972
1757,9.004993638676849
1758,9.595229007633586
1759,8.790585241730277
1760,9.528657760814246
1761,9.068479643765908
1762,9.057665394402042
1763,9.533587786259544
1764,9.304007633587787
1765,9.292620865139941
1766,9.601685750636134
1767,9.489885496183206
1768,9.601812977099236
1769,8.984192111959286
1770,9.20617048346057
1771,9.561386768447845
1772,9.576399491094156
1773,9.068956743002543
1774,8.835146310432576
1775,9.554707379134861
1776,9.374491094147585
1777,9.006838422391859
1778,9.542907124681943
1779,9.172296437659028
1780,9.051208651399495
1781,8.944656488549615
1782,9.380661577608143
1783,9.02744910941476
1784,8.902194656488549
1785,9.215108142493639
1786,9.15349872773537
1787,9.008396946564888
1788,8.986227735368955
1789,9.450190839694658
1790,9.034192111959282
1791,9.617143765903311
1792,9.173568702290078
1793,9.274809160305344
1794,8.982983460559797
1795,9.252576335877858
1796,9.00400763358779
1797,9.047582697201012
1798,9.599173027989826
1799,9.104739185750637
1800,9.247741730279897
1801,9.390012722646306
1802,9.60454834605598
1803,8.948250636132313
1804,9.018511450381675
1805,9.158301526717553
1806,9.431615776081424
1807,9.03533715012723
1808,9.356329516539454
1809,9.508078880407123
1810,9.155916030534346
1811,9.107729007633587
1812,9.057442748091603
1813,9.555756997455466
1814,9.325190839694658
1815,9.585368956743006
1816,9.107283715012713
1817,9.143066157760817
1818,8.992875318066156
1819,8.98266539440203
1820,8.988708651399488
1821,9.515235368956729
1822,9.215489821882962
1823,9.59786895674301
1824,8.940362595419849
1825,9.520642493638666
1826,9.301335877862599
1827,8.988326972010178
1828,8.968225190839693
1829,9.317493638676845
1830,9.163231552162856
1831,8.96892493638677
1832,8.871946564885498
1833,8.943670483460565
1834,9.282760814249368
1835,8.977512722646305
1836,9.095706106870226
1837,9.293129770992364
1838,8.91084605597964
1839,9.432569974554712
1840,9.172964376590336
1841,9.45270356234097
1842,9.49230279898219
1843,8.866952926208649
1844,9.706011450381679
1845,9.490617048346058
1846,9.100031806615775
1847,9.2208651399491
1848,9.053403307888042
1849,9.30534351145038
1850,8.888390585241734
1851,9.220038167938927
1852,9.197041984732829
1853,9.19828244274809
1854,9.262500000000005
1855,9.420928753180661
1856,9.2852417302799
1857,8.945578880407126
1858,9.59599236641221
1859,8.838104325699742
1860,9.476812977099238
1861,9.453371501272269
1862,9.431138676844787
1863,9.052735368956744
1864,8.99526081424936
1865,9.338517811704827
1866,8.831965648854963
1867,9.237245547073785
1868,9.398918575063616
1869,9.094115776081429
1870,9.507061068702296
1871,9.092048346055988
1872,9.032410941475824
1873,9.289662849872768
1874,9.348632315521632
1875,9.443956743002538
1876,8.9303117048346
1877,9.020038167938937
1878,9.56234096692112
1879,9.362436386768447
1880,9.097169211195926
1881,9.521882951653943
1882,9.430597964376592
1883,8.885432569974554
1884,9.070706106870233
1885,8.896723918575066
1886,9.49580152671756
1887,9.162277353689568
1888,9.040171755725195
1889,9.597105597964372
1890,8.947391857506364
1891,9.099300254452931
1892,9.29739185750636
1893,9.255693384223918
1894,9.26405852417302
1895,9.410050890585243
1896,9.023059796437659
1897,9.032220101781165
1898,9.199745547073785
1899,9.081043256997456
1900,8.973346055979643
1901,9.180947837150127
1902,9.11558524173028
1903,9.132315521628508
1904,9.22624045801527
1905,9.256838422391848
1906,9.363867684478366
1907,9.356774809160308
1908,8.880597964376594
1909,9.38606870229008
1910,9.633810432569982
1911,9.01765267175572
1912,9.483460559796434
1913,9.470674300254457
1914,8.954675572519085
1915,9.463963104325703
1916,9.43899491094148
1917,8.889535623409676
1918,9.119433842239184
1919,9.035973282442747
1920,9.329357506361323
1921,9.47767175572519
1922,9.217239185750634
1923,9.055311704834613
1924,9.614281170483462
1925,9.025222646310434
1926,8.835368956743002
1927,9.150731552162853
1928,9.4450699745547
1929,8.964535623409667
1930,9.565617048346054
1931,9.533905852417298
1932,9.37439567430025
1933,9.066539440203561
1934,9.440903307888034
1935,9.0566475826972
1936,9.544370229007637
1937,9.25931933842239
1938,9.629834605597965
1939,9.247073791348596
1940,8.886768447837152
1941,9.308174300254446
1942,9.38673664122137
1943,9.545038167938932
1944,8.932124681933836
1945,9.450858778625955
1946,9.091762086514
1947,9.092334605597962
1948,9.20302162849873
1949,9.016380407124686
1950,9.5219465648855
1951,9.573123409669217
1952,9.351972010178114
1953,9.110846055979648
1954,9.089885496183202
1955,8.985146310432576
1956,9.541889312977109
1957,9.427958015267183
1958,9.504421119592875
1959,9.131361323155222
1960,9.471024173027994
1961,9.118384223918582
1962,9.399745547073787
1963,9.161323155216287
1964,8.96351781170484
1965,9.345197201017816
1966,9.07738549618321
1967,9.131997455470733
1968,9.260146310432573
1969,9.146882951653946
1970,9.158492366412212
1971,9.475063613231542
1972,9.49150763358779
1973,8.985527989821886
1974,8.931043256997457
1975,9.490871501272267
1976,9.643479643765904
1977,9.448027989821883
1978,9.381997455470733
1979,9.610718829516545
1980,9.016412213740459
1981,8.846723918575064
1982,9.233842239185746
1983,9.39379770992366
1984,8.942652671755722
1985,9.249681933842236
1986,9.115489821882953
1987,9.443575063613222
1988,9.232729007633589
1989,9.143034351145038
1990,9.088740458015272
1991,9.517557251908395
1992,9.134064885496185
1993,9.462913486005094
1994,9.464662849872779
1995,9.487150127226462
1996,9.548123409669213
1997,9.343002544529273
1998,9.091348600508905
1999,9.400349872773539
2000,9.386704834605595
2001,9.447519083969455
2002,8.947900763358785
2003,9.496087786259551
2004,9.21638040712469
2005,9.385877862595418
2006,9.439821882951655
2007,9.317716284987274
2008,9.534319338422394
2009,9.175540712468196
2010,9.130184478371504
2011,9.58021628498728
2012,9.353371501272271
2013,9.284764631043254
2014,9.143829516539435
2015,9.231075063613238
2016,9.514631043256994
2017,9.139758269720096
2018,9.331997455470734
2019,8.92528625954199
2020,9.330120865139946
2021,9.433110687022895
2022,9.075318066157758
2023,8.844243002544529
2024,8.97865776081425
2025,9.436100508905849
2026,8.977862595419854
2027,9.480057251908399
2028,9.041507633587782
2029,9.473473282442754
2030,9.340330788804062
2031,9.407379134860054
2032,9.223950381679389
2033,8.856488549618321
2034,9.344179389312975
2035,9.43874045801527
2036,9.388676844783717
2037,9.033905852417305
2038,9.32248727735369
2039,9.033969465648854
2040,9.505947837150126
2041,8.937309160305338
2042,9.592302798982185
2043,9.128530534351142
2044,9.411259541984737
2045,9.606138676844783
2046,9.022328244274814
2047,9.259382951653944
2048,9.544274809160298
2049,9.517875318066158
2050,9.302353689567427
2051,9.437022900763361
2052,9.02903944020357
2053,8.879675572519082
2054,8.9115776081425
2055,9.029007633587787
2056,9.069720101781172
2057,9.235368956743004
2058,9.182760814249361
2059,9.533969465648854
2060,9.299872773536892
2061,9.20050890585242
2062,9.376431297709928
2063,9.33848600508906
2064,9.395578880407122
2065,9.08753180661578
2066,9.22916666666667
2067,9.178944020356239
2068,8.85257633587786
2069,9.405184478371499
2070,9.505534351145034
2071,8.791316793893126
2072,9.081647582697205
2073,9.100318066157758
2074,8.952226463104322
2075,9.00722010178117
2076,9.564853689567423
2077,9.359669211195925
2078,9.074491094147588
2079,9.538708651399487
2080,9.09526081424936
2081,9.330120865139948
2082,9.386959287531804
2083,9.542620865139948
2084,8.89535623409669
2085,8.880916030534346
2086,9.005502544529259
2087,9.108301526717558
2088,9.533237913486005
2089,9.53091603053435
2090,9.376399491094144
2091,9.564790076335873
2092,9.355407124681937
2093,9.364440203562346
2094,9.346946564885492
2095,8.96399491094148
2096,9.407474554707372
2097,9.062245547073791
2098,9.06386768447837
2099,9.335527989821884
2100,9.060178117048348
2101,9.441062340966917
2102,9.1218193384224
2103,9.174936386768444
2104,9.451272264631035
2105,9.271946564885498
2106,9.300699745547078
2107,9.060146310432573
2108,9.503689567430017
2109,9.312786259541985
2110,9.457124681933838
2111,9.216444020356233
2112,9.050031806615774
2113,9.226272264631044
2114,8.900063613231554
2115,9.400286259541993
2116,9.240108142493641
2117,9.072741730279896
2118,9.450986005089062
2119,9.390171755725186
2120,8.98113867684478
2121,9.663517811704834
2122,9.417620865139948
2123,9.160368956742998
2124,8.897550890585238
2125,9.135273536895681
2126,9.56141857506361
2127,9.095769720101774
2128,9.326812977099243
2129,9.03241094147583
2130,9.227162849872768
2131,9.110305343511452
2132,9.507569974554713
2133,8.898250636132312
2134,9.507251908396949
2135,8.91370865139949
2136,9.044561068702293
2137,9.570197201017814
2138,9.577544529262088
2139,8.944656488549617
2140,9.446374045801523
2141,8.897201017811705
2142,9.026176844783713
2143,9.206520356234106
2144,9.218543256997457
2145,9.158587786259542
2146,8.868161577608136
2147,9.301463104325704
2148,9.162468193384228
2149,9.313454198473282
2150,9.205788804071245
2151,8.969751908396942
2152,9.22900763358778
2153,9.016157760814249
2154,9.524363867684476
2155,9.094243002544525
2156,9.494815521628498
2157,9.16154580152672
2158,9.316475826972011
2159,9.044624681933838
2160,9.515267175572518
2161,9.032347328244283
2162,9.58832697201018
2163,9.263199745547073
2164,9.55925572519084
2165,8.969115776081432
2166,9.226940203562343
2167,9.641857506361324
2168,9.017366412213741
2169,9.404611959287527
2170,9.081234096692112
2171,9.21625318066158
2172,9.39662849872773
2173,9.226622137404577
2174,9.649045801526722
2175,9.468256997455471
2176,9.246660305343513
2177,9.510527989821885
2178,8.799777353689565
2179,9.191062340966916
2180,9.256234096692106
2181,9.296342239185753
2182,8.969974554707386
2183,9.505725190839696
2184,8.854421119592876
2185,9.536450381679384
2186,8.999777353689568
2187,9.179866412213732
2188,9.501749363867686
2189,9.592175572519084
2190,9.32353689567431
2191,9.347455470737906
2192,9.131870229007639
2193,9.499491094147581
2194,9.496946564885494
2195,9.388167938931302
2196,9.405566157760816
2197,9.507315521628495
2198,9.131234096692117
2199,9.037118320610682
2200,9.531583969465654
2201,9.328244274809153
2202,9.202194656488558
2203,9.164821882951653
2204,9.62798982188295
2205,9.26183206106871
2206,9.131075063613233
2207,9.220006361323152
2208,9.134796437659032
2209,9.512118320610686
2210,8.982347328244275
2211,9.0211513994911
2212,8.936291348600506
2213,9.374586513994908
2214,8.853880407124679
2215,9.239026717557245
2216,9.51269083969465
2217,9.51065521628499
2218,8.927894402035623
2219,9.520833333333329
2220,9.31345419847329
2221,9.363517811704831
2222,9.228784987277356
2223,9.181456743002544
2224,9.596564885496178
2225,9.239058524173025
2226,9.219083969465647
2227,9.230979643765902
2228,9.579930025445291
2229,9.58880407124682
2230,9.554166666666665
2231,8.819751908396944
2232,9.436005089058522
2233,9.306424936386763
2234,8.96412213740458
2235,9.473218829516538
2236,8.918288804071253
2237,9.059955470737913
2238,9.622073791348601
2239,9.183969465648852
2240,9.497423664122133
2241,9.355248091603052
2242,9.244402035623404
2243,8.891666666666664
2244,9.01647582697201
2245,9.50925572519083
2246,9.493066157760817
2247,9.363549618320606
2248,9.060973282442749
2249,9.599045801526719
2250,9.268829516539444
2251,9.362786259541975
2252,9.1279262086514
2253,9.328530534351145
2254,9.573568702290078
2255,9.047041984732825
2256,8.92719465648855
2257,9.372137404580155
2258,8.94576972010178
2259,9.02293256997455
2260,8.995324427480918
2261,9.50817430025446
2262,9.049522900763368
2263,9.435973282442745
2264,9.222360050890583
2265,9.306965648854959
2266,9.097678117048343
2267,8.933110687022902
2268,8.817080152671757
2269,9.38358778625955
2270,8.934414758269716
2271,9.086991094147578
2272,8.84430661577609
2273,9.416284987277352
2274,9.440585241730279
2275,9.148091603053437
2276,9.211800254452926
2277,9.06587150127227
2278,9.505979643765906
2279,8.971215012722645
2280,9.054707379134857
2281,9.080756997455463
2282,9.240553435114501
2283,9.186036895674295
2284,8.999077608142493
2285,8.969338422391852
2286,9.509192111959292
2287,9.46917938931298
2288,9.011132315521634
2289,8.99605597964377
2290,9.166793893129768
2291,9.462277353689572
2292,9.17315521628499
2293,9.522041984732823
2294,9.432824427480925
2295,9.404548346055979
2296,9.40343511450382
2297,9.387340966921121
2298,8.907633587786261
2299,9.172805343511456
2300,9.374809160305347
2301,9.470197201017815
2302,9.240521628498724
2303,9.197964376590333
2304,9.378307888040712
2305,8.898282442748092
2306,9.123791348600514
2307,8.919497455470738
2308,9.618161577608145
2309,9.419243002544528
2310,9.387404580152674
2311,9.526399491094146
2312,8.908555979643772
2313,9.583460559796444
2314,9.277894402035617
2315,9.150318066157762
2316,9.244211195928749
2317,8.949204834605597
2318,9.47398218829517
2319,8.91059160305344
2320,9.48581424936386
2321,8.938708651399493
2322,8.881361323155216
2323,9.131075063613233
2324,9.406679389312982
2325,9.512436386768444
2326,9.502385496183207
2327,8.975763358778618
2328,8.910432569974557
2329,8.886736641221372
2330,8.83613231552162
2331,9.332124681933836
2332,9.546882951653938
2333,9.326113231552158
2334,9.130916030534353
2335,9.298091603053434
2336,9.250445292620867
2337,8.880152671755729
2338,9.307315521628496
2339,9.260814249363866
2340,8.851431297709913
2341,9.078403307888042
2342,9.426685750636132
2343,9.051049618320604
2344,8.837563613231545
2345,9.258428753180661
2346,9.214567430025442
2347,8.887309160305344
2348,8.907379134860054
2349,9.275318066157764
2350,9.461291348600502
2351,9.087881679389309
2352,9.19529262086514
2353,9.379802798982192
2354,9.005343511450382
2355,9.353466921119601
2356,9.454071246819339
2357,8.95496183206107
2358,9.700731552162852
2359,8.769211195928756
2360,9.533333333333331
2361,8.812818066157766
2362,9.10178117048346
2363,8.995101781170485
2364,9.216762086513997
2365,9.314790076335875
2366,8.951717557251905
2367,9.063899491094148
2368,8.834033078880408
2369,9.125190839694655
2370,9.016189567430025
2371,9.539344783715014
2372,9.15241730279898
2373,9.569624681933844
2374,9.484160305343508
2375,9.128594147582692
2376,9.022678117048343
2377,8.948982188295172
2378,8.943702290076342
2379,9.399650127226469
2380,9.659064885496175
2381,9.473059796437655
2382,9.502926208651402
2383,8.989821882951656
2384,9.579993638676845
2385,9.541094147582701
2386,9.484541984732827
2387,8.897487277353695
2388,8.9212786259542
2389,8.967080152671748
2390,9.17989821882951
2391,8.962340966921118
2392,9.219433842239178
2393,9.128562340966926
2394,9.287404580152671
2395,9.38024809160306
2396,9.337404580152665
2397,8.953689567430027
2398,9.087150127226467
2399,9.230788804071247
2400,9.505025445292626
2401,9.426781170483462
2402,8.914980916030533
2403,9.45362595419847
2404,9.487372773536897
2405,9.588390585241727
2406,9.183110687022905
2407,9.075986005089057
2408,9.40483460559796
2409,9.028880407124683
2410,9.514058524173024
2411,9.512181933842237
2412,9.450826972010168
2413,9.334764631043255
2414,8.948600508905852
2415,9.436259541984738
2416,9.135941475826977
2417,9.45397582697201
2418,8.932729007633586
2419,9.28928117048346
2420,8.98206106870229
2421,9.345388040712468
2422,9.117811704834608
2423,9.492684478371501
2424,9.138422391857508
2425,9.53412849872773
2426,9.11059160305343
2427,9.451049618320612
2428,9.199077608142499
2429,8.889376590330789
2430,9.175572519083966
2431,9.024713740458017
2432,8.991666666666667
2433,9.33947201017812
2434,9.260973282442746
2435,9.193447837150122
2436,8.926049618320606
2437,9.481838422391858
2438,8.91297709923664
2439,9.207061068702295
2440,9.183047073791345
2441,8.938549618320609
2442,9.656552162849874
2443,9.449586513994914
2444,9.034096692111957
2445,8.981265903307875
2446,8.864853689567425
2447,8.878848600508903
2448,9.43501908396947
2449,9.650667938931301
2450,9.531520356234097
2451,9.381520356234104
2452,9.445610687022896
2453,9.547900763358777
2454,9.350858778625955
2455,9.064980916030532
2456,9.53043893129771
2457,8.910273536895678
2458,9.38139312977099
2459,9.501049618320616
2460,9.588072519083969
2461,9.485718829516546
2462,8.972232824427488
2463,9.327003816793887
2464,9.542111959287528
2465,9.260687022900765
2466,9.311577608142494
2467,9.405311704834608
2468,9.606488549618323
2469,9.025063613231554
2470,8.953753180661579
2471,9.125190839694657
2472,8.783746819338415
2473,9.086768447837155
2474,9.28708651399491
2475,9.057506361323151
2476,9.131011450381678
2477,8.926017811704828
2478,9.422169211195932
2479,8.981838422391862
2480,9.377703562340962
2481,9.146246819338424
2482,9.05903307888041
2483,8.881997455470744
2484,9.091984732824429
2485,9.158619592875315
2486,9.540330788804072
2487,9.182410941475824
2488,9.120674300254455
2489,9.0972010178117
2490,9.196819338422397
2491,9.160337150127223
2492,9.081615776081424
2493,9.315298982188297
2494,9.415394402035627
2495,9.064440203562341
2496,9.195737913486001
2497,9.08699109414758
2498,9.320165394402036
2499,9.445292620865136
2500,9.33152035623409
2501,9.498536895674297
2502,8.943861323155213
2503,9.044910941475825
2504,9.360019083969464
2505,9.05089058524173
2506,9.03473282442748
2507,8.863645038167943
2508,9.364090330788812
2509,9.122391857506349
2510,9.308969465648852
2511,9.184796437659037
2512,9.5022582697201
2513,9.367175572519084
2514,9.497614503816791
2515,9.335941475826967
2516,9.165267175572525
2517,9.037627226463107
2518,8.83870865139949
2519,8.927290076335867
2520,9.493161577608143
2521,9.487086513994914
2522,9.27226463104325
2523,9.586673027989821
2524,8.953625954198467
2525,9.304007633587782
2526,9.61752544529262
2527,8.837436386768447
2528,9.408874045801527
2529,9.493511450381682
2530,9.584287531806615
2531,9.490744274809153
2532,8.924013994910938
2533,9.342557251908392
2534,9.144211195928747
2535,9.248250636132312
2536,9.135591603053436
2537,9.639758269720096
2538,9.08715012722646
2539,9.472423664122136
2540,8.892334605597963
2541,8.818416030534351
2542,9.255756997455466
2543,8.866284987277353
2544,8.956552162849873
2545,8.967239185750634
2546,9.35782442748091
2547,9.204071246819339
2548,9.040871501272258
2549,8.826972010178114
2550,9.404675572519084
2551,9.521755725190845
2552,9.47919847328245
2553,8.975031806615771
2554,9.508460559796436
2555,9.014122137404577
2556,9.457729007633585
2557,8.993320610687022
2558,9.482410941475827
2559,9.291284987277352
2560,9.030884223918576
2561,8.896564885496181
2562,9.407379134860063
2563,9.02767175572519
2564,9.488772264631049
2565,9.084414758269723
2566,9.01892493638676
2567,9.370801526717552
2568,9.248727735368947
2569,9.101463104325697
2570,8.945992366412211
2571,9.340044529262087
2572,9.561195928753186
2573,8.929802798982188
2574,9.499109414758268
2575,9.481679389312974
2576,9.263486005089057
2577,9.264949109414763
2578,9.535178117048345
2579,9.008937659033077
2580,9.580979643765907
2581,9.537849872773542
2582,9.34430661577608
2583,9.282379134860053
2584,9.059764631043262
2585,9.506456743002538
2586,9.30108142493638
2587,9.154007633587783
2588,9.167557251908402
2589,9.3817748091603
2590,9.290839694656489
2591,9.175381679389321
2592,9.064090330788803
2593,9.20219465648855
2594,8.946501272264628
2595,9.57096055979644
2596,9.377639949109415
2597,9.076876590330789
2598,9.382124681933842
2599,8.89001272264631
2600,9.095419847328248
2601,9.102258269720105
2602,9.321310432569978
2603,9.139249363867686
2604,9.13015267175573
2605,9.363963104325698
2606,9.066762086513995
2607,9.563326972010179
2608,9.222741730279902
2609,9.192270992366414
2610,8.939408396946561
2611,9.053085241730283
2612,9.020038167938932
2613,9.354357506361323
2614,9.268829516539439
2615,9.439503816793888
2616,9.513231552162852
2617,9.113263358778626
2618,8.956965648854966
2619,8.989185750636137
2620,9.451494910941479
2621,8.984223918575067
2622,8.98950381679389
2623,9.4212786259542
2624,9.2441475826972
2625,9.434955470737917
2626,8.989185750636121
2627,9.177639949109412
2628,9.196596692111962
2629,9.405470737913484
2630,9.441952926208655
2631,9.489599236641213
2632,9.241221374045802
2633,9.276590330788803
2634,9.14745547073791
2635,9.480248091603052
2636,9.53320610687023
2637,9.199840966921121
2638,9.263072519083972
2639,9.436259541984738
2640,9.485782442748093
2641,8.999745547073786
2642,9.368447837150125
2643,9.000795165394402
2644,9.471119592875317
2645,9.324077608142494
2646,9.068384223918578
2647,9.494306615776075
2648,9.608142493638683
2649,9.051176844783711
2650,8.831997455470741
2651,9.085368956743006
2652,8.942080152671764
2653,9.310050890585249
2654,9.151494910941473
2655,9.069370229007628
2656,9.231329516539441
2657,9.210496183206107
2658,9.214758269720102
2659,9.033651399491088
2660,9.472550890585248
2661,9.304484732824424
2662,9.27493638676845
2663,9.415807888040707
2664,9.535464376590333
2665,9.190521628498725
2666,9.382220101781169
2667,9.131997455470747
2668,9.119370229007634
2669,9.57137404580153
2670,8.988390585241737
2671,8.896596692111961
2672,9.30791984732824
2673,8.816952926208648
2674,9.123218829516537
2675,9.1155534351145
2676,9.155120865139944
2677,8.921755725190842
2678,9.520133587786264
2679,9.514281170483462
2680,9.332792620865142
2681,9.125890585241736
2682,9.014249363867687
2683,9.267811704834608
2684,8.896851145038164
2685,9.022010178117048
2686,8.989153944020353
2687,9.467589058524176
2688,9.24971374045802
2689,9.33664122137405
2690,9.130629770992362
2691,9.425763358778621
2692,8.838613231552161
2693,9.255311704834607
2694,9.026399491094145
2695,9.324968193384224
2696,9.051908396946555
2697,9.49828244274809
2698,8.976463104325703
2699,9.09662849872774
2700,9.534287531806616
2701,9.307538167938935
2702,9.314058524173035
2703,9.16666666666666
2704,8.903657760814252
2705,9.52026081424936
2706,9.022996183206104
2707,9.593320610687034
2708,9.414980916030538
2709,9.493193384223915
2710,9.153371501272268
2711,9.274045801526716
2712,9.270928753180668
2713,9.300031806615774
2714,9.281265903307895
2715,9.472741730279893
2716,9.309192111959284
2717,9.45130407124682
2718,9.519306615776074
2719,9.322773536895669
2720,9.215648854961835
2721,8.969115776081422
2722,9.188040712468192
2723,9.336386768447836
2724,9.336641221374043
2725,9.473823155216287
2726,9.017652671755721
2727,9.505916030534369
2728,9.331743002544531
2729,9.178180661577604
2730,8.985273536895681
2731,9.004516539440203
2732,9.305089058524178
2733,9.148218829516543
2734,9.417430025445292
2735,9.261768447837142
2736,9.166634860050891
2737,9.388072519083975
2738,9.566444020356242
2739,8.988549618320613
2740,9.553530534351143
2741,8.843034351145032
2742,9.141857506361323
2743,9.160687022900763
2744,8.910019083969464
2745,9.593575063613237
2746,9.384319338422394
2747,9.275413486005084
2748,8.96424936386768
2749,9.392016539440197
2750,9.282283715012724
2751,9.11215012722646
2752,9.382983460559798
2753,9.205661577608138
2754,9.44739185750636
2755,9.346374045801529
2756,9.167875318066153
2757,9.250477099236642
2758,9.517493638676843
2759,8.876717557251899
2760,8.949173027989813
2761,8.914440203562338
2762,9.06994274809161
2763,9.041889312977101
2764,9.04023536895674
2765,8.950318066157758
2766,9.384860050890582
2767,8.856679389312964
2768,9.279421119592874
2769,9.457633587786265
2770,9.47993002544529
2771,9.460973282442751
2772,9.220706106870232
2773,9.368320610687025
2774,9.665362595419845
2775,9.086386768447836
2776,9.498759541984729
2777,9.19487913486005
2778,9.20626590330789
2779,9.236291348600517
2780,8.989567430025442
2781,9.528562340966918
2782,9.392843511450375
2783,9.548727735368965
2784,8.916793893129771
2785,9.112309160305346
2786,9.504707379134857
2787,9.106838422391855
2788,9.168416030534344
2789,9.673791348600512
2790,9.307029262086523
2791,8.996946564885503
2792,8.998441475826969
2793,9.457760814249363
2794,9.06075063613232
2795,9.120388040712474
2796,9.015362595419854
2797,8.85807888040712
2798,8.920069974554705
2799,8.937150127226463
2800,9.55604325699745
2801,9.062786259541987
2802,9.545324427480914
2803,9.24586513994911
2804,9.03460559796438
2805,9.255279898218825
2806,9.223695928753184
2807,9.095451653944023
2808,8.911195928753187
2809,9.303117048346056
2810,9.354580152671756
2811,9.035527989821881
2812,9.163804071246824
2813,9.56867048346056
2814,8.946533078880405
2815,9.38667302798982
2816,9.496183206106874
2817,9.151558524173028
2818,9.570928753180658
2819,9.277385496183205
2820,9.222996183206108
2821,9.419083969465646
2822,8.962627226463102
2823,9.443034351145041
2824,9.158746819338418
2825,8.937945292620869
2826,9.504166666666663
2827,9.042175572519078
2828,8.979198473282441
2829,9.115680661577603
2830,9.195260814249364
2831,9.183715012722642
2832,9.314376590330795
2833,9.2734096692112
2834,9.148886768447836
2835,9.174618320610685
2836,9.478657760814249
2837,9.49691475826972
2838,9.359701017811709
2839,8.925954198473283
2840,9.407538167938926
2841,8.93393765903308
2842,8.899745547073792
2843,9.421660305343513
2844,9.022201017811703
2845,9.080343511450382
2846,9.165744274809155
2847,9.576749363867682
2848,9.500826972010179
2849,9.095865139949108
2850,9.348091603053442
2851,9.494879134860042
2852,8.915617048346059
2853,9.349427480916026
2854,8.932379134860057
2855,9.209351145038164
2856,9.46364503816794
2857,9.464599236641213
2858,9.489599236641224
2859,9.469720101781165
2860,9.390935114503819
2861,9.03435114503817
2862,9.315458015267179
2863,9.41987913486005
2864,8.95184478371501
2865,9.184128498727748
2866,8.94398854961832
2867,9.204166666666667
2868,9.383301526717553
2869,8.997010178117046
2870,9.427894402035623
2871,9.306997455470732
2872,9.492207379134852
2873,8.82967557251909
2874,9.525636132315526
2875,9.323886768447839
2876,9.027798982188296
2877,9.272105597964382
2878,9.258715012722641
2879,9.056838422391852
2880,9.332283715012727
2881,8.806520356234095
2882,9.11774809160306
2883,9.358619592875314
2884,9.562627226463107
2885,9.255566157760805
2886,9.590171755725189
2887,8.996882951653937
2888,9.312181933842243
2889,8.975731552162848
2890,9.030438931297708
2891,9.100286259541988
2892,9.207665394402033
2893,9.55365776081425
2894,9.173536895674301
2895,8.909541984732824
2896,9.320578880407123
2897,9.306361323155212
2898,9.200763358778623
2899,9.353530534351144
2900,9.25092239185751
2901,9.575699745547066
2902,9.35454834605598
2903,9.318002544529268
2904,9.302767175572527
2905,9.050763358778628
2906,9.066793893129773
2907,9.488326972010183
2908,9.22299618320611
2909,8.949077608142492
2910,9.384701017811713
2911,9.267461832061068
2912,9.43912213740458
2913,9.062086513994904
2914,9.100795165394402
2915,9.185209923664123
2916,9.532601781170483
2917,9.015362595419848
2918,9.294243002544544
2919,9.43326972010178
2920,8.96055979643766
2921,9.416952926208651
2922,9.128085241730282
2923,9.374904580152679
2924,9.220483460559795
2925,9.247169211195924
2926,9.304707379134866
2927,9.059287531806609
2928,9.509605597964368
2929,8.822423664122132
2930,9.504866412213742
2931,9.58835877862596
2932,9.153880407124676
2933,9.083047073791342
2934,9.036100508905852
2935,9.48794529262087
2936,8.930979643765902
2937,8.842302798982196
2938,9.413454198473282
2939,9.48807251908397
2940,9.53991730279898
2941,9.050318066157757
2942,9.257188295165395
2943,9.309541984732832
2944,9.06361323155216
2945,9.234382951653942
2946,9.272264631043255
2947,9.2206106870229
2948,8.900477099236646
2949,9.525031806615777
2950,9.474968193384225
2951,9.485146310432569
2952,9.230375318066166
2953,9.39465648854962
2954,9.53457379134859
2955,8.829643765903306
2956,9.28501908396947
2957,9.049586513994909
2958,9.620292620865143
2959,9.149681933842242
2960,9.592716284987278
2961,9.253753180661574
2962,8.92134223918575
2963,8.910782442748086
2964,8.83381043256998
2965,8.85537531806616
2966,8.946374045801523
2967,9.428021628498726
2968,8.95512086513995
2969,9.104516539440201
2970,9.238167938931294
2971,9.5198155216285
2972,9.173123409669218
2973,9.044942748091602
2974,9.24293893129771
2975,9.45702926208652
2976,9.132379134860049
2977,9.236227735368956
2978,8.899109414758266
2979,9.00562977099237
2980,9.425381679389316
2981,9.171660305343506
2982,9.289185750636138
2983,9.280343511450384
2984,9.267843511450382
2985,9.274268447837157
2986,9.386927480916027
2987,9.600636132315522
2988,9.051558524173025
2989,9.307092875318075
2990,8.862722646310427
2991,9.45038167938931
2992,9.175699745547073
2993,9.382251908396942
2994,9.118416030534346
2995,9.443670483460561
2996,9.42633587786259
2997,9.323664122137405
2998,9.024109414758275
2999,9.233874045801524
3000,9.003435114503823
3001,9.539440203562343
3002,9.32827608142494
3003,9.421183206106877
3004,9.170292620865146
3005,9.060337150127221
3006,9.384478371501277
3007,8.770547073791352
3008,9.279325699745545
3009,9.099173027989826
3010,9.156806615776077
3011,9.092048346055984
3012,9.33915394402036
3013,8.990458015267173
3014,9.149013994910947
3015,9.41284987277354
3016,8.884001272264628
3017,9.088994910941473
3018,9.53291984732824
3019,9.272455470737913
3020,9.557697201017811
3021,9.370483460559798
3022,9.167175572519081
3023,9.304866412213743
3024,9.280343511450383
3025,9.595769720101783
3026,9.175858778625956
3027,9.066952926208652
3028,9.320674300254455
3029,9.291539440203566
3030,9.404548346055982
3031,8.95496183206107
3032,9.209255725190847
3033,9.385973282442745
3034,9.04869592875318
3035,8.98132951653945
3036,9.329961832061066
3037,9.048218829516546
3038,9.36937022900763
3039,9.484160305343512
3040,9.223059796437665
3041,8.892684478371507
3042,9.007029262086519
3043,8.90216284987277
3044,9.378244274809163
3045,9.318956743002552
3046,9.396374045801526
3047,8.980788804071247
3048,9.303466921119597
3049,9.225318066157765
3050,9.381965648854965
3051,9.194083969465654
3052,9.67013358778626
3053,9.489440203562346
3054,9.559669211195928
3055,9.582156488549614
3056,9.115426208651398
3057,9.195515267175578
3058,9.360496183206104
3059,9.124013994910937
3060,9.535687022900765
3061,9.095133587786261
3062,9.484732824427487
3063,9.654993638676844
3064,8.849300254452926
3065,9.040839694656484
3066,9.419306615776078
3067,9.178498727735372
3068,9.139090330788807
3069,9.10550254452926
3070,9.191762086513993
3071,9.623473282442744
3072,9.50540712468193
3073,9.172678117048346
3074,9.14920483460559
3075,8.981170483460565
3076,9.173664122137398
3077,8.813295165394402
3078,9.54818702290077
3079,9.077608142493638
3080,8.975826972010177
3081,9.451399491094147
3082,9.349777353689563
3083,9.539790076335871
3084,8.87970737913486
3085,9.265139949109416
3086,9.253244274809147
3087,9.200508905852422
3088,9.250540712468196
3089,9.104548346055985
3090,9.44589694656489
3091,9.385209923664124
3092,9.423950381679388
3093,9.542048346055978
3094,9.216348600508908
3095,9.175986005089058
3096,9.09360687022901
3097,9.387595419847326
3098,9.073059796437658
3099,9.13610050890585
3100,9.084796437659033
3101,8.92547709923664
3102,9.46370865139948
3103,9.120165394402035
3104,8.924363867684484
3105,9.218034351145041
3106,9.383333333333333
3107,8.911068702290077
3108,8.987277353689569
3109,8.956234096692112
3110,9.384828244274813
3111,9.397360050890589
3112,9.025890585241731
3113,9.346978371501267
3114,9.222646310432575
3115,8.953212468193376
3116,9.444815521628495
3117,9.032951653944023
3118,9.43746819338423
3119,9.361991094147585
3120,9.315903307888036
3121,9.30127226463104
3122,9.296215012722644
3123,9.147073791348603
3124,8.930502544529272
3125,9.328975826972018
3126,9.084541984732825
3127,9.290426208651404
3128,8.94367048346056
3129,9.338613231552165
3130,9.336195928753183
3131,9.128117048346057
3132,9.317620865139949
3133,9.574013994910949
3134,8.9882951653944
3135,9.041030534351147
3136,9.272423664122137
3137,9.062627226463107
3138,8.947073791348595
3139,9.404293893129774
3140,9.188072519083974
3141,8.912181933842234
3142,8.969465648854957
3143,9.247741730279905
3144,8.968066157760813
3145,9.471914758269723
3146,9.066189567430028
3147,9.134828244274814
3148,9.121405852417302
3149,9.580025445292616
3150,9.20756997455471
3151,9.25527989821883
3152,9.367938931297706
3153,8.903085241730277
3154,9.118447837150121
3155,9.427035623409672
3156,9.654993638676846
3157,9.469497455470743
3158,9.386100508905848
3159,8.893638676844784
3160,9.246342239185747
3161,9.040298982188297
3162,9.25298982188295
3163,9.48600508905853
3164,9.524204834605593
3165,9.175349872773532
3166,9.144465648854963
3167,9.238804071246822
3168,9.388136132315521
3169,9.564503816793906
3170,9.363772264631049
3171,8.90632951653944
3172,9.22668575063613
3173,9.432061068702293
3174,9.278403307888045
3175,9.238613231552156
3176,9.422360050890589
3177,9.302639949109421
3178,9.011609414758269
3179,9.387563613231546
3180,9.460941475826974
3181,8.920419847328242
3182,9.338772264631045
3183,9.52538167938932
3184,9.269306615776083
3185,9.42907124681934
3186,9.536704834605596
3187,8.991603053435115
3188,9.018575063613234
3189,9.097837150127228
3190,9.420324427480919
3191,9.099268447837154
3192,8.873123409669208
3193,9.02547709923664
3194,9.333587786259542
3195,9.512181933842237
3196,9.52856234096692
3197,9.027131043257
3198,8.916634860050896
3199,8.952003816793892
3200,9.249936386768452
3201,9.096787531806616
3202,9.138358778625959
3203,8.967175572519087
3204,9.22321882951654
3205,9.289535623409673
3206,9.217302798982182
3207,8.994306615776079
3208,8.908492366412213
3209,9.273218829516539
3210,9.073218829516536
3211,9.2992048346056
3212,8.907919847328236
3213,9.048918575063613
3214,8.928403307888038
3215,9.546437659033078
3216,9.478753180661577
3217,9.157124681933848
3218,9.282347328244272
3219,9.025763358778622
3220,8.895928753180664
3221,9.200826972010184
3222,9.105502544529259
3223,9.437722646310435
3224,9.28934478371501
3225,9.369847328244276
3226,9.085400763358773
3227,9.528053435114506
3228,9.454071246819344
3229,9.458619592875316
3230,9.155693384223918
3231,8.932729007633595
3232,8.98874045801527
3233,8.956202290076334
3234,8.963867684478382
3235,9.419020356234098
3236,9.499300254452928
3237,8.985209923664124
3238,9.42474554707379
3239,9.18692748091603
3240,9.041412213740458
3241,9.210846055979642
3242,9.568797709923675
3243,9.276717557251908
3244,9.157092875318071
3245,9.309732824427476
3246,9.499077608142496
3247,9.065267175572517
3248,9.499427480916031
3249,9.054230279898217
3250,9.392366412213743
3251,9.16841603053435
3252,9.067970737913488
3253,9.490298982188287
3254,8.874618320610686
3255,9.008047073791344
3256,8.977862595419856
3257,9.289472010178118
3258,8.953562340966922
3259,9.19888676844784
3260,9.40432569974555
3261,9.292779898218827
3262,9.403117048346056
3263,9.191412213740453
3264,9.329993638676848
3265,9.137818066157763
3266,9.016094147582695
3267,9.075031806615778
3268,9.535941475826965
3269,9.315521628498727
3270,9.171024173027993
3271,8.936259541984734
3272,9.130756997455478
3273,9.028148854961835
3274,9.477735368956745
3275,9.281583969465649
3276,9.348664122137395
3277,8.990426208651396
3278,9.08237913486005
3279,8.92770356234097
3280,9.379770992366414
3281,9.409510178117044
3282,9.511736641221379
3283,9.222201017811704
3284,9.255343511450386
3285,9.34723282442749
3286,9.439376590330793
3287,9.148155216284989
3288,9.363231552162844
3289,9.446851145038167
3290,8.92993002544529
3291,8.852099236641225
3292,9.484637404580152
3293,9.081170483460566
3294,9.020578880407117
3295,9.026844783715015
3296,9.09236641221374
3297,9.044052162849875
3298,9.084541984732828
3299,9.252703562340969
3300,9.167875318066159
3301,9.266284987277349
3302,9.175731552162848
3303,9.004675572519087
3304,9.156552162849875
3305,9.374840966921118
3306,8.956265903307893
3307,9.638104325699741
3308,9.371119592875313
3309,8.831234096692109
3310,9.237118320610687
3311,9.183746819338424
3312,8.898250636132317
3313,9.547041984732834
3314,9.63864503816794
3315,9.412563613231553
3316,9.30416666666666
3317,9.573568702290071
3318,9.286704834605601
3319,9.50461195928754
3320,9.194847328244276
3321,8.932856234096695
3322,9.073950381679387
3323,8.95388040712468
3324,9.552162849872776
3325,9.311418575063612
3326,8.959923664122131
3327,9.097996183206108
3328,9.143829516539435
3329,9.065903307888036
3330,9.218511450381683
3331,9.520578880407133
3332,9.352003816793884
3333,8.973727735368966
3334,9.442525445292626
3335,9.424459287531807
3336,9.400413486005085
3337,9.074491094147577
3338,9.307506361323156
3339,9.605820610687022
3340,9.437404580152672
3341,8.954834605597968
3342,8.985146310432574
3343,9.487213740458012
3344,9.056424936386774
3345,9.076844783715016
3346,9.425254452926213
3347,9.658333333333333
3348,9.482919847328242
3349,9.005661577608144
3350,9.132983460559792
3351,9.247360050890585
3352,9.123218829516537
3353,9.17080152671756
3354,9.56692111959288
3355,8.869083969465647
3356,9.228498727735367
3357,9.26135496183206
3358,9.400477099236642
3359,9.359764631043262
3360,9.420356234096694
3361,9.283428753180663
3362,9.134223918575065
3363,8.991412213740457
3364,9.022837150127234
3365,9.480502544529259
3366,9.395260814249355
3367,9.01708015267176
3368,9.58365139949109
3369,9.462086513994906
3370,9.466571246819337
3371,9.508715012722643
3372,9.224618320610686
3373,8.905502544529257
3374,9.350190839694658
3375,9.388263358778621
3376,9.452353689567433
3377,9.487849872773534
3378,9.119815521628498
3379,9.157792620865143
3380,9.50038167938931
3381,8.937786259541983
3382,8.815394402035633
3383,8.94930025445292
3384,9.286736641221374
3385,9.003212468193382
3386,9.143193384223915
3387,9.283078880407123
3388,8.977258269720103
3389,9.401081424936393
3390,9.596469465648852
3391,8.909287531806614
3392,9.590362595419855
3393,9.095388040712471
3394,9.331615776081419
3395,8.95381679389313
3396,9.527385496183207
3397,9.399872773536899
3398,9.258460559796433
3399,9.502544529262078
3400,9.505248091603052
3401,9.485877862595416
3402,9.41987913486006
3403,9.16113231552163
3404,9.092620865139944
3405,9.101113231552167
3406,9.478848600508911
3407,9.023568702290076
3408,9.319083969465652
3409,9.364599236641219
3410,9.22525445292621
3411,8.881202290076336
3412,9.024999999999999
3413,9.228689567430024
3414,9.07563613231552
3415,9.545801526717561
3416,9.443352417302798
3417,9.445515267175576
3418,9.474936386768452
3419,8.861863867684484
3420,9.191189567430024
3421,8.924618320610696
3422,8.87347328244275
3423,9.36491730279899
3424,9.092175572519084
3425,9.218225190839696
3426,9.166062340966922
3427,8.97474554707379
3428,9.147423664122135
3429,9.230820610687024
3430,9.165330788804072
3431,9.348473282442749
3432,9.179071246819342
3433,9.583842239185746
3434,9.185209923664123
3435,9.53447837150127
3436,9.505407124681929
3437,9.339122137404585
3438,9.37894402035623
3439,9.428784987277353
3440,9.184764631043251
3441,9.041984732824426
3442,9.233810432569966
3443,9.45451653944021
3444,9.051367684478366
3445,9.376113231552171
3446,9.18613231552162
3447,8.985941475826975
3448,8.889980916030536
3449,9.335655216284986
3450,9.51590330788804
3451,9.511895674300252
3452,9.140458015267177
3453,9.435527989821884
3454,9.392048346055978
3455,9.205756997455468
3456,9.080693384223919
3457,9.190203562340963
3458,8.942779898218832
3459,9.059064885496186
3460,9.2845737913486
3461,9.40737913486005
3462,8.970388040712473
3463,9.091253180661578
3464,8.990298982188296
3465,9.397773536895679
3466,9.409351145038167
3467,8.943002544529268
3468,9.406806615776082
3469,9.194783715012722
3470,9.080788804071247
3471,9.250413486005089
3472,9.46033715012723
3473,9.281806615776075
3474,9.346469465648857
3475,9.399745547073785
3476,9.26176844783715
3477,8.872201017811705
3478,9.248727735368961
3479,9.438199745547083
3480,9.213772264631048
3481,9.611959287531802
3482,9.167875318066159
3483,9.094306615776082
3484,9.201176844783719
3485,9.47649491094147
3486,9.378625954198478
3487,9.146564885496188
3488,8.97076972010178
3489,8.937754452926203
3490,9.473759541984734
3491,8.81917938931298
3492,8.892525445292625
3493,8.971374045801525
3494,9.111036895674305
3495,8.956202290076334
3496,9.291316793893133
3497,8.986386768447838
3498,9.644147582697203
3499,8.951844783715021
3500,9.258715012722655
3501,8.949300254452927
3502,9.284605597964374
3503,8.882124681933844
3504,9.324491094147582
3505,9.14802798982188
3506,9.093670483460558
3507,8.892970737913487
3508,9.568066157760809
3509,9.146405852417304
3510,9.331774809160306
3511,9.367779898218828
3512,9.449363867684482
3513,9.173759541984733
3514,9.045992366412216
3515,8.94293893129771
3516,9.3329834605598
3517,9.111513994910938
3518,9.066921119592871
3519,9.31304071246819
3520,9.214949109414759
3521,8.935019083969465
3522,8.952162849872773
3523,8.868002544529269
3524,9.139694656488551
3525,9.588994910941476
3526,9.076145038167942
3527,9.201463104325706
3528,9.602862595419847
3529,9.16991094147583
3530,9.301176844783715
3531,9.390139949109411
3532,9.043670483460561
3533,9.378212468193391
3534,9.303562340966916
3535,8.96192748091603
3536,9.042779898218834
3537,9.203816793893127
3538,8.944179389312977
3539,9.056488549618319
3540,9.66348600508906
3541,9.415617048346059
3542,9.4301844783715
3543,9.58113867684478
3544,9.057251908396944
3545,9.112754452926211
3546,9.619529262086521
3547,9.53772264631043
3548,9.498568702290077
3549,9.192970737913488
3550,9.156583969465645
3551,9.17493638676845
3552,9.371660305343509
3553,9.59290712468193
3554,9.193384223918573
3555,8.89545165394402
3556,9.332538167938942
3557,9.207251908396946
3558,9.567970737913491
3559,8.901176844783716
3560,9.25531170483461
3561,9.556329516539439
3562,9.54834605597964
3563,9.49192111959288
3564,8.923282442748093
3565,9.356679389312982
3566,8.913167938931299
3567,8.975159033078878
3568,9.4711513994911
3569,9.195197201017809
3570,9.35652035623409
3571,9.392684478371505
3572,9.221978371501267
3573,9.452894402035618
3574,9.485559796437666
3575,9.29681933842239
3576,9.064153944020354
3577,9.475190839694658
3578,9.27980279898219
3579,8.826272264631042
3580,8.95368956743002
3581,9.029389312977095
3582,8.961291348600513
3583,8.954134860050889
3584,9.015776081424937
3585,9.344815521628503
3586,9.163072519083968
3587,9.478784987277352
3588,9.353148854961827
3589,9.253498727735362
3590,8.907824427480923
3591,9.46421755725191
3592,9.345419847328248
3593,9.405311704834602
3594,9.555343511450381
3595,9.24777353689567
3596,9.079071246819339
3597,9.218129770992372
3598,9.363454198473285
3599,9.040298982188297
3600,9.459828244274805
3601,9.269561068702282
3602,9.340935114503822
3603,9.268288804071249
3604,9.11186386768448
3605,9.067111959287532
3606,9.580693384223924
3607,9.09662849872774
3608,9.034573791348608
3609,9.046278625954201
3610,9.194147582697205
3611,9.149013994910941
3612,9.27716284987277
3613,8.904325699745543
3614,9.113008905852423
3615,9.40012722646311
3616,9.251972010178122
3617,9.258746819338427
3618,8.844306615776086
3619,9.201240458015262
3620,8.993161577608149
3621,8.86564885496184
3622,9.1867048346056
3623,9.46933842239186
3624,9.092557251908401
3625,9.136005089058525
3626,9.301622137404575
3627,9.25626590330789
3628,9.645419847328247
3629,9.114281170483462
3630,9.129198473282438
3631,9.204611959287531
3632,8.810559796437659
3633,9.028148854961833
3634,9.5712786259542
3635,8.978212468193384
3636,9.067716284987274
3637,9.173473282442755
3638,9.319815521628499
3639,8.923441475826975
3640,9.293384223918576
3641,9.069561068702292
3642,9.036005089058522
3643,9.414440203562346
3644,9.620324427480917
3645,9.608651399491094
3646,9.548791348600506
3647,8.922900763358774
3648,9.467048346055982
3649,9.18845419847329
3650,9.40311704834606
3651,8.86240458015267
3652,9.03899491094148
3653,9.160019083969466
3654,9.33349236641221
3655,9.479802798982183
3656,9.459541984732823
3657,9.307888040712474
3658,9.340298982188294
3659,9.09293893129771
3660,9.064503816793898
3661,9.073409669211193
3662,9.304866412213736
3663,9.477608142493635
3664,9.446978371501272
3665,9.362022900763359
3666,9.297868956742999
3667,8.792970737913487
3668,9.70483460559796
3669,9.113295165394401
3670,8.88447837150127
3671,9.696183206106866
3672,9.424077608142495
3673,8.937690839694655
3674,9.682251908396942
3675,8.925699745547076
3676,9.412245547073786
3677,9.073218829516538
3678,9.411164122137402
3679,9.445769720101787
3680,9.316507633587788
3681,9.38393765903309
3682,8.873377862595419
3683,8.984351145038168
3684,9.133524173027997
3685,9.18314249363868
3686,9.229421119592876
3687,9.304516539440204
3688,9.226304071246815
3689,8.872964376590334
3690,9.286991094147574
3691,9.330184478371502
3692,8.960687022900764
3693,9.1860368956743
3694,9.2050572519084
3695,9.14201653944021
3696,9.463422391857502
3697,9.002926208651406
3698,9.495642493638673
3699,9.201622137404575
3700,9.46046437659033
3701,8.844497455470734
3702,9.536991094147583
3703,9.524077608142495
3704,9.172105597964379
3705,9.13839058524173
3706,9.086259541984724
3707,9.319211195928752
3708,9.3506679389313
3709,8.856265903307882
3710,8.97846692111959
3711,9.168606870229006
3712,9.426972010178115
3713,9.106361323155218
3714,9.311895674300262
3715,9.446692111959294
3716,8.947423664122141
3717,9.06453562340967
3718,9.149427480916037
3719,9.527544529262089
3720,9.131011450381687
3721,9.523982188295166
3722,9.541666666666664
3723,9.325763358778621
3724,8.987372773536888
3725,8.829802798982184
3726,9.012118320610687
3727,8.890648854961828
3728,9.277321882951654
3729,9.064344783715015
3730,8.888040712468193
3731,9.027226463104327
3732,8.910909669211195
3733,9.350667938931302
3734,9.080470737913478
3735,9.063231552162849
3736,9.383237913486001
3737,9.234764631043262
3738,8.812213740458008
3739,9.109001272264628
3740,9.485655216284986
3741,9.421851145038163
3742,9.439312977099238
3743,9.344115776081425
3744,9.435655216284982
3745,9.047550890585246
3746,9.131424936386773
3747,8.891984732824426
3748,9.217048346055982
3749,9.113104325699743
3750,9.313994910941473
3751,8.959891857506364
3752,8.966730279898217
3753,9.532601781170484
3754,8.856965648854956
3755,9.039917302798985
3756,8.960337150127222
3757,9.350063613231557
3758,8.872105597964378
3759,9.501844783715013
3760,9.17748091603054
3761,9.36618956743002
3762,8.855979643765902
3763,9.088517811704833
3764,9.172900763358774
3765,8.867875318066163
3766,9.201494910941475
3767,9.597519083969468
3768,9.308015267175568
3769,9.67035623409669
3770,9.558905852417306
3771,9.418924936386764
3772,9.263931297709926
3773,9.026622137404578
3774,9.020292620865133
3775,9.491857506361326
3776,9.52541348600509
3777,8.866348600508905
3778,9.530025445292619
3779,9.182029262086514
3780,9.365394402035625
3781,8.928975826972012
3782,9.171882951653952
3783,9.43206106870229
3784,9.456902035623417
3785,9.614694656488545
3786,9.490330788804071
3787,9.03781806615776
3788,8.96634860050891
3789,8.935496183206105
3790,9.209510178117048
3791,9.272837150127224
3792,8.868320610687023
3793,9.57391857506361
3794,9.408174300254455
3795,9.539853689567428
3796,9.274236641221371
3797,9.24895038167939
3798,8.984382951653947
3799,9.485718829516543
3800,9.432983460559804
3801,8.845578880407125
3802,9.491921119592877
3803,9.44363867684478
3804,9.296978371501272
3805,8.92624045801527
3806,8.974427480916038
3807,9.504389312977096
3808,9.17732188295165
3809,9.400413486005089
3810,9.545229007633584
3811,9.3066475826972
3812,8.842938931297706
3813,8.995928753180657
3814,9.521342239185751
3815,9.191316793893135
3816,8.957601781170485
3817,9.337213740458013
3818,9.157220101781167
3819,9.246660305343514
3820,9.069561068702296
3821,9.565108142493628
3822,8.85089058524173
3823,9.581329516539437
3824,9.022010178117048
3825,9.393193384223917
3826,8.965012722646303
3827,9.00124045801527
3828,9.130788804071253
3829,9.030470737913479
3830,9.296882951653945
3831,9.035241730279903
3832,9.27732188295166
3833,9.240966921119593
3834,9.26230916030534
3835,9.568225190839689
3836,9.200699745547073
3837,8.984351145038167
3838,9.20149491094147
3839,9.282220101781169
3840,9.070165394402036
3841,9.544592875318068
3842,9.580216284987278
3843,9.097455470737911
3844,9.245006361323158
3845,9.25922391857506
3846,8.987468193384222
3847,9.123409669211199
3848,9.60190839694657
3849,9.234160305343513
3850,9.454802798982191
3851,9.522741730279892
3852,9.395674300254447
3853,9.066762086513991
3854,9.328212468193385
3855,8.941125954198471
3856,9.090871501272263
3857,9.089599236641222
3858,8.91479007633588
3859,9.183142493638673
3860,9.60951017811705
3861,9.172741730279903
3862,9.452131043257
3863,9.045769720101783
3864,9.578307888040705
3865,9.082347328244271
3866,9.124204834605603
3867,9.128594147582703
3868,9.459541984732823
3869,9.475286259541981
3870,9.3868320610687
3871,8.988008905852412
3872,9.51590330788804
3873,9.384319338422387
3874,9.156456743002542
3875,9.020133587786258
3876,9.227258269720107
3877,9.409128498727739
3878,9.097741730279898
3879,9.673664122137401
3880,9.055025445292616
3881,9.629103053435113
3882,9.384955470737914
3883,9.178594147582702
3884,9.399618320610683
3885,8.94033078880407
3886,9.062436386768447
3887,9.415298982188288
3888,9.547741730279897
3889,9.413454198473286
3890,9.095928753180665
3891,9.583237913486007
3892,9.355629770992369
3893,9.284192111959284
3894,9.14491094147583
3895,9.31972010178117
3896,9.31933842239185
3897,9.441189567430024
3898,9.433524173027992
3899,9.166762086513993
3900,9.604103053435113
3901,9.110909669211196
3902,8.992620865139955
3903,9.179007633587787
3904,8.894847328244266
3905,9.204262086513996
3906,9.384128498727737
3907,9.352671755725193
3908,9.209573791348598
3909,9.511450381679388
3910,8.973886768447837
3911,9.087722646310436
3912,9.317493638676845
3913,9.415267175572513
3914,9.074141221374042
3915,9.37681297709924
3916,9.003021628498727
3917,9.20652035623409
3918,9.03921755725191
3919,9.659160305343509
3920,8.966030534351148
3921,9.020101781170485
3922,9.019751908396952
3923,9.370197201017808
3924,9.541284987277347
3925,8.94150763358778
3926,8.932220101781173
3927,8.88202926208652
3928,9.430756997455482
3929,8.892398218829518
3930,9.584796437659032
3931,8.888167938931295
3932,9.455534351145038
3933,8.955566157760808
3934,9.071533078880405
3935,9.539153944020356
3936,9.341698473282444
3937,9.356933842239181
3938,9.321660305343514
3939,9.35896946564885
3940,9.027258269720098
3941,9.359987277353689
3942,9.209128498727745
3943,9.040362595419852
3944,9.547614503816794
3945,9.303435114503817
3946,9.353657760814247
3947,8.986291348600512
3948,9.49755089058524
3949,9.459319338422393
3950,9.406870229007628
3951,9.580438931297707
3952,9.530089058524167
3953,9.365012722646307
3954,8.98740458015267
3955,9.26087786259542
3956,9.449268447837145
3957,8.849554707379138
3958,9.237340966921114
3959,9.121024173027987
3960,9.01354961832061
3961,9.462245547073785
3962,9.492270992366416
3963,8.866125954198475
3964,9.33826335877863
3965,9.488136132315526
3966,9.535368956743001
3967,9.06841603053435
3968,9.143956743002548
3969,8.9089058524173
3970,9.412627226463103
3971,9.539312977099241
3972,9.325063613231553
3973,8.932792620865143
3974,9.08584605597965
3975,9.314344783715013
3976,9.133428753180667
3977,9.256075063613231
3978,9.341348600508907
3979,9.416380407124686
3980,9.577767175572514
3981,8.898854961832065
3982,9.038104325699743
3983,9.385941475826973
3984,9.033651399491092
3985,9.203085241730278
3986,9.128880407124681
3987,9.270610687022899
3988,9.253212468193382
3989,9.029421119592872
3990,9.274459287531803
3991,9.03349236641221
3992,9.166507633587786
3993,9.320388040712462
3994,8.92121501272265
3995,9.028498727735375
3996,9.292970737913487
3997,9.36055979643766
3998,9.263263358778627
3999,9.218543256997455
4000,9.40702926208651
4001,9.101176844783714
4002,9.103848600508897
4003,9.34564249363868
4004,9.142398218829523
4005,9.46027353689568
4006,8.891412213740457
4007,9.43686386768448
4008,9.457379134860059
4009,9.268352417302792
4010,9.11972010178117
4011,9.183428753180662
4012,9.351017811704835
4013,9.432856234096693
4014,9.503848600508906
4015,8.997614503816793
4016,9.366157760814248
4017,9.244338422391857
4018,9.290744274809157
4019,9.403594147582698
4020,8.981870229007628
4021,9.189217557251906
4022,9.10617048346056
4023,9.126558524173035
4024,8.938486005089057
4025,9.304293893129776
4026,9.433683206106862
4027,9.60149491094148
4028,9.427162849872767
4029,9.638581424936383
4030,9.043225190839692
4031,9.361291348600512
4032,9.2426844783715
4033,9.247741730279895
4034,9.103912213740463
4035,9.186927480916022
4036,9.09910941475827
4037,9.055693384223913
4038,9.492143765903306
4039,9.289790076335882
4040,9.207983460559802
4041,8.908969465648854
4042,9.568288804071251
4043,9.051208651399486
4044,9.350349872773533
4045,9.008174300254455
4046,8.909064885496186
4047,9.636418575063603
4048,9.212277353689561
4049,9.427099236641228
4050,9.09729643765903
4051,9.334033078880404
4052,9.004707379134862
4053,9.19980916030534
4054,9.399936386768447
4055,9.03066157760814
4056,9.669529262086511
4057,9.44503816793893
4058,9.178594147582698
4059,9.445801526717556
4060,8.804802798982191
4061,9.214122137404582
4062,8.870165394402036
4063,9.348346055979636
4064,9.001367684478376
4065,9.122550890585252
4066,9.131806615776075
4067,8.945197201017802
4068,9.453530534351144
4069,9.340585241730283
4070,9.535846055979652
4071,9.510082697201014
4072,9.243956743002546
4073,9.51354961832061
4074,9.25060432569974
4075,8.958174300254452
4076,9.255279898218822
4077,9.431647582697206
4078,9.056743002544524
4079,9.395865139949114
4080,9.00935114503817
4081,9.492270992366416
4082,9.478880407124679
4083,9.242875318066154
4084,9.488645038167942
4085,9.219974554707374
4086,9.356583969465646
4087,8.985146310432564
4088,9.19529262086513
4089,9.627830788804069
4090,8.843129770992359
4091,9.39138040712468
4092,9.474968193384225
4093,9.327003816793892
4094,9.190966921119593
4095,9.13304707379135
4096,9.195388040712468
4097,9.37143765903308
4098,9.37821246819338
4099,9.562690839694659
4100,9.203435114503815
4101,9.186323155216293
4102,9.486545801526722
4103,8.929484732824434
4104,9.479357506361326
4105,9.333587786259546
4106,8.900922391857506
4107,9.318606870229011
4108,8.946564885496178
4109,8.952099236641223
4110,9.353435114503819
4111,9.179548346055986
4112,9.194942748091607
4113,9.45267175572519
4114,9.308174300254452
4115,9.136164122137417
4116,9.454770992366402
4117,9.25054071246819
4118,9.190458015267177
4119,9.240426208651405
4120,9.329039440203566
4121,9.546787531806608
4122,9.16164122137405
4123,9.5030534351145
4124,9.058237913486002
4125,9.657029262086516
4126,9.250254452926205
4127,9.376876590330795
4128,9.394115776081428
4129,9.561132315521625
4130,9.157029262086514
4131,8.934764631043256
4132,9.2206106870229
4133,9.419688295165395
4134,9.213422391857504
4135,9.42496819338422
4136,9.139535623409676
4137,9.183269720101784
4138,9.072169211195924
4139,9.293702290076336
4140,9.080884223918574
4141,8.950381679389306
4142,9.056870229007629
4143,8.903466921119598
4144,9.473059796437655
4145,9.50340330788804
4146,9.527131043257004
4147,9.024904580152675
4148,9.360909669211196
4149,9.048314249363868
4150,9.028276081424934
4151,9.362309160305353
4152,8.833015267175567
4153,9.140235368956745
4154,9.328021628498727
4155,9.265362595419846
4156,9.558937659033083
4157,8.967557251908394
4158,9.396851145038172
4159,9.201304071246813
4160,9.11758905852417
4161,8.96145038167939
4162,9.15496183206107
4163,9.071692111959287
4164,9.69325699745547
4165,9.234732824427482
4166,9.006106870229004
4167,8.925858778625953
4168,9.149554707379126
4169,9.368161577608141
4170,9.030693384223921
4171,9.281202290076337
4172,9.638295165394394
4173,9.047264631043262
4174,9.153244274809156
4175,9.405311704834606
4176,8.925636132315516
4177,9.306965648854963
4178,9.574363867684486
4179,9.123250636132315
4180,8.925667938931298
4181,9.496342239185752
4182,9.399427480916028
4183,9.156393129770995
4184,9.409064885496184
4185,9.327035623409662
4186,9.451399491094143
4187,9.58616412213741
4188,9.158428753180656
4189,8.956870229007636
4190,9.093638676844785
4191,9.241857506361328
4192,9.343956743002543
4193,9.386959287531806
4194,9.319783715012724
4195,9.045706106870234
4196,8.890426208651402
4197,9.07426844783716
4198,9.3152989821883
4199,9.442239185750637
4200,8.883460559796436
4201,9.21930661577608
4202,9.398695928753176
4203,9.193670483460565
4204,9.100445292620865
4205,9.336577608142491
4206,9.210655216284984
4207,9.111513994910933
4208,9.359001272264633
4209,9.156170483460562
4210,9.008047073791348
4211,9.189726463104327
4212,8.926844783715003
4213,9.021851145038172
4214,9.338422391857497
4215,9.440012722646316
4216,9.518893129770996
4217,8.955089058524168
4218,9.38759541984733
4219,9.050286259541986
4220,8.970292620865136
4221,8.870069974554713
4222,9.613804071246822
4223,9.323187022900765
4224,9.522296437659028
4225,8.817493638676847
4226,9.36987913486006
4227,9.244815521628492
4228,8.989122137404584
4229,9.259637404580152
4230,9.308874045801526
4231,9.020547073791349
4232,9.542366412213736
4233,9.323409669211195
4234,9.218193384223916
4235,9.020419847328244
4236,9.303689567430025
4237,9.331965648854965
4238,9.45753816793893
4239,9.032919847328246
4240,9.499713740458017
4241,9.385496183206111
4242,8.86895674300254
4243,9.485496183206097
4244,9.257633587786264
4245,9.357665394402032
4246,9.567111959287532
4247,9.30741094147582
4248,8.953753180661582
4249,9.354834605597963
4250,9.20184478371501
4251,9.355407124681932
4252,8.872773536895668
4253,9.51259541984733
4254,9.101145038167937
4255,9.392111959287524
4256,9.116444020356234
4257,9.418034351145037
4258,9.101176844783716
4259,9.560368956743003
4260,9.471914758269724
4261,8.951081424936387
4262,9.390839694656487
4263,9.048123409669214
4264,9.146978371501277
4265,9.29720101781171
4266,9.002989821882954
4267,8.987690839694658
4268,9.114153944020359
4269,9.047391857506355
4270,9.183651399491099
4271,9.524332061068701
4272,9.330693384223924
4273,9.265394402035616
4274,9.330693384223926
4275,9.526049618320611
4276,9.481043256997445
4277,9.418352417302804
4278,9.53619592875319
4279,9.261959287531798
4280,9.431552162849872
4281,8.902162849872775
4282,9.524141221374045
4283,9.26762086513995
4284,9.124840966921111
4285,8.897455470737915
4286,8.914472010178121
4287,9.452258269720105
4288,9.131870229007632
4289,9.073409669211193
4290,9.399395674300257
4291,9.100349872773535
4292,9.186736641221378
4293,8.977035623409668
4294,9.457665394402031
4295,9.459637404580155
4296,9.4543893129771
4297,8.96682569974555
4298,9.396087786259537
4299,9.013231552162848
4300,9.361863867684484
4301,9.375477099236642
4302,8.861927480916036
4303,9.256106870229008
4304,9.330407124681926
4305,9.20009541984732
4306,9.127703562340963
4307,9.568129770992371
4308,8.999268447837153
4309,8.978721374045803
4310,9.381774809160303
4311,9.327003816793896
4312,9.293606870229008
4313,9.008619592875323
4314,9.283237913486005
4315,9.053944020356235
4316,9.305693384223922
4317,9.692748091603056
4318,9.348473282442749
4319,9.18641857506362
4320,9.232188295165386
4321,8.86119592875318
4322,9.02719465648855
4323,9.301685750636128
4324,9.260273536895678
4325,9.260050890585234
4326,9.12080152671756
4327,9.0126272264631
4328,9.051272264631042
4329,9.267080152671753
4330,8.935623409669208
4331,9.569211195928757
4332,8.969433842239185
4333,9.604898218829513
4334,8.892080152671754
4335,9.169974554707384
4336,8.963994910941475
4337,9.286609414758269
4338,9.413676844783708
4339,9.202671755725195
4340,9.355438931297709
4341,9.169274809160305
4342,9.102035623409664
4343,8.89163486005089
4344,9.16482188295165
4345,9.436195928753179
4346,9.034446564885496
4347,9.080216284987273
4348,9.404516539440202
4349,9.388804071246824
4350,9.330979643765899
4351,9.187277353689565
4352,9.165489821882945
4353,9.395419847328242
4354,9.683365139949107
4355,9.28673664122138
4356,9.599268447837146
4357,8.964790076335877
4358,8.889026717557256
4359,8.94392493638677
4360,9.4787213740458
4361,8.961482188295168
4362,9.074491094147591
4363,8.957824427480917
4364,9.279293893129774
4365,9.187499999999996
4366,9.135432569974556
4367,9.111609414758274
4368,9.496310432569969
4369,8.983746819338426
4370,9.295547073791353
4371,9.165235368956745
4372,9.491253180661575
4373,9.46345419847328
4374,9.495069974554703
4375,9.652894402035628
4376,9.301558524173027
4377,9.01644402035623
4378,9.093416030534351
4379,9.189344783715011
4380,9.293097964376585
4381,9.094338422391852
4382,9.338072519083969
4383,9.455057251908388
4384,8.914249363867691
4385,9.028435114503813
4386,9.079548346055981
4387,9.088136132315523
4388,9.297487277353685
4389,8.99669211195929
4390,9.532092875318062
4391,9.260178117048344
4392,9.405375318066154
4393,9.37515903307888
4394,8.880057251908402
4395,9.503403307888036
4396,9.324363867684466
4397,9.051908396946564
4398,9.38686386768448
4399,8.919147582697205
4400,8.888104325699748
4401,9.504166666666668
4402,9.5272582697201
4403,9.299332061068707
4404,8.99004452926209
4405,9.505916030534346
4406,9.521055979643764
4407,9.417175572519087
4408,9.015776081424939
4409,9.42617684478372
4410,9.06631679389313
